--
-- PostgreSQL database dump
--

-- Dumped from database version 14.7 (Homebrew)
-- Dumped by pg_dump version 14.7 (Homebrew)

SET statement_timeout = 0;
SET lock_timeout = 0;
SET idle_in_transaction_session_timeout = 0;
SET client_encoding = 'UTF8';
SET standard_conforming_strings = on;
SELECT pg_catalog.set_config('search_path', '', false);
SET check_function_bodies = false;
SET xmloption = content;
SET client_min_messages = warning;
SET row_security = off;

SET default_tablespace = '';

SET default_table_access_method = heap;

--
-- Name: auth_group; Type: TABLE; Schema: public; Owner: mykolachernov
--

CREATE TABLE public.auth_group (
    id integer NOT NULL,
    name character varying(150) NOT NULL
);


ALTER TABLE public.auth_group OWNER TO mykolachernov;

--
-- Name: auth_group_id_seq; Type: SEQUENCE; Schema: public; Owner: mykolachernov
--

ALTER TABLE public.auth_group ALTER COLUMN id ADD GENERATED BY DEFAULT AS IDENTITY (
    SEQUENCE NAME public.auth_group_id_seq
    START WITH 1
    INCREMENT BY 1
    NO MINVALUE
    NO MAXVALUE
    CACHE 1
);


--
-- Name: auth_group_permissions; Type: TABLE; Schema: public; Owner: mykolachernov
--

CREATE TABLE public.auth_group_permissions (
    id bigint NOT NULL,
    group_id integer NOT NULL,
    permission_id integer NOT NULL
);


ALTER TABLE public.auth_group_permissions OWNER TO mykolachernov;

--
-- Name: auth_group_permissions_id_seq; Type: SEQUENCE; Schema: public; Owner: mykolachernov
--

ALTER TABLE public.auth_group_permissions ALTER COLUMN id ADD GENERATED BY DEFAULT AS IDENTITY (
    SEQUENCE NAME public.auth_group_permissions_id_seq
    START WITH 1
    INCREMENT BY 1
    NO MINVALUE
    NO MAXVALUE
    CACHE 1
);


--
-- Name: auth_permission; Type: TABLE; Schema: public; Owner: mykolachernov
--

CREATE TABLE public.auth_permission (
    id integer NOT NULL,
    name character varying(255) NOT NULL,
    content_type_id integer NOT NULL,
    codename character varying(100) NOT NULL
);


ALTER TABLE public.auth_permission OWNER TO mykolachernov;

--
-- Name: auth_permission_id_seq; Type: SEQUENCE; Schema: public; Owner: mykolachernov
--

ALTER TABLE public.auth_permission ALTER COLUMN id ADD GENERATED BY DEFAULT AS IDENTITY (
    SEQUENCE NAME public.auth_permission_id_seq
    START WITH 1
    INCREMENT BY 1
    NO MINVALUE
    NO MAXVALUE
    CACHE 1
);


--
-- Name: auth_user; Type: TABLE; Schema: public; Owner: mykolachernov
--

CREATE TABLE public.auth_user (
    id integer NOT NULL,
    password character varying(128) NOT NULL,
    last_login timestamp with time zone,
    is_superuser boolean NOT NULL,
    username character varying(150) NOT NULL,
    first_name character varying(150) NOT NULL,
    last_name character varying(150) NOT NULL,
    email character varying(254) NOT NULL,
    is_staff boolean NOT NULL,
    is_active boolean NOT NULL,
    date_joined timestamp with time zone NOT NULL
);


ALTER TABLE public.auth_user OWNER TO mykolachernov;

--
-- Name: auth_user_groups; Type: TABLE; Schema: public; Owner: mykolachernov
--

CREATE TABLE public.auth_user_groups (
    id bigint NOT NULL,
    user_id integer NOT NULL,
    group_id integer NOT NULL
);


ALTER TABLE public.auth_user_groups OWNER TO mykolachernov;

--
-- Name: auth_user_groups_id_seq; Type: SEQUENCE; Schema: public; Owner: mykolachernov
--

ALTER TABLE public.auth_user_groups ALTER COLUMN id ADD GENERATED BY DEFAULT AS IDENTITY (
    SEQUENCE NAME public.auth_user_groups_id_seq
    START WITH 1
    INCREMENT BY 1
    NO MINVALUE
    NO MAXVALUE
    CACHE 1
);


--
-- Name: auth_user_id_seq; Type: SEQUENCE; Schema: public; Owner: mykolachernov
--

ALTER TABLE public.auth_user ALTER COLUMN id ADD GENERATED BY DEFAULT AS IDENTITY (
    SEQUENCE NAME public.auth_user_id_seq
    START WITH 1
    INCREMENT BY 1
    NO MINVALUE
    NO MAXVALUE
    CACHE 1
);


--
-- Name: auth_user_user_permissions; Type: TABLE; Schema: public; Owner: mykolachernov
--

CREATE TABLE public.auth_user_user_permissions (
    id bigint NOT NULL,
    user_id integer NOT NULL,
    permission_id integer NOT NULL
);


ALTER TABLE public.auth_user_user_permissions OWNER TO mykolachernov;

--
-- Name: auth_user_user_permissions_id_seq; Type: SEQUENCE; Schema: public; Owner: mykolachernov
--

ALTER TABLE public.auth_user_user_permissions ALTER COLUMN id ADD GENERATED BY DEFAULT AS IDENTITY (
    SEQUENCE NAME public.auth_user_user_permissions_id_seq
    START WITH 1
    INCREMENT BY 1
    NO MINVALUE
    NO MAXVALUE
    CACHE 1
);


--
-- Name: django_admin_log; Type: TABLE; Schema: public; Owner: mykolachernov
--

CREATE TABLE public.django_admin_log (
    id integer NOT NULL,
    action_time timestamp with time zone NOT NULL,
    object_id text,
    object_repr character varying(200) NOT NULL,
    action_flag smallint NOT NULL,
    change_message text NOT NULL,
    content_type_id integer,
    user_id integer NOT NULL,
    CONSTRAINT django_admin_log_action_flag_check CHECK ((action_flag >= 0))
);


ALTER TABLE public.django_admin_log OWNER TO mykolachernov;

--
-- Name: django_admin_log_id_seq; Type: SEQUENCE; Schema: public; Owner: mykolachernov
--

ALTER TABLE public.django_admin_log ALTER COLUMN id ADD GENERATED BY DEFAULT AS IDENTITY (
    SEQUENCE NAME public.django_admin_log_id_seq
    START WITH 1
    INCREMENT BY 1
    NO MINVALUE
    NO MAXVALUE
    CACHE 1
);


--
-- Name: django_content_type; Type: TABLE; Schema: public; Owner: mykolachernov
--

CREATE TABLE public.django_content_type (
    id integer NOT NULL,
    app_label character varying(100) NOT NULL,
    model character varying(100) NOT NULL
);


ALTER TABLE public.django_content_type OWNER TO mykolachernov;

--
-- Name: django_content_type_id_seq; Type: SEQUENCE; Schema: public; Owner: mykolachernov
--

ALTER TABLE public.django_content_type ALTER COLUMN id ADD GENERATED BY DEFAULT AS IDENTITY (
    SEQUENCE NAME public.django_content_type_id_seq
    START WITH 1
    INCREMENT BY 1
    NO MINVALUE
    NO MAXVALUE
    CACHE 1
);


--
-- Name: django_migrations; Type: TABLE; Schema: public; Owner: mykolachernov
--

CREATE TABLE public.django_migrations (
    id bigint NOT NULL,
    app character varying(255) NOT NULL,
    name character varying(255) NOT NULL,
    applied timestamp with time zone NOT NULL
);


ALTER TABLE public.django_migrations OWNER TO mykolachernov;

--
-- Name: django_migrations_id_seq; Type: SEQUENCE; Schema: public; Owner: mykolachernov
--

ALTER TABLE public.django_migrations ALTER COLUMN id ADD GENERATED BY DEFAULT AS IDENTITY (
    SEQUENCE NAME public.django_migrations_id_seq
    START WITH 1
    INCREMENT BY 1
    NO MINVALUE
    NO MAXVALUE
    CACHE 1
);


--
-- Name: django_session; Type: TABLE; Schema: public; Owner: mykolachernov
--

CREATE TABLE public.django_session (
    session_key character varying(40) NOT NULL,
    session_data text NOT NULL,
    expire_date timestamp with time zone NOT NULL
);


ALTER TABLE public.django_session OWNER TO mykolachernov;

--
-- Name: donut_app_donut; Type: TABLE; Schema: public; Owner: mykolachernov
--

CREATE TABLE public.donut_app_donut (
    id bigint NOT NULL,
    picture character varying NOT NULL,
    description character varying NOT NULL,
    stars integer NOT NULL,
    labels character varying NOT NULL,
    ingredients character varying NOT NULL,
    allergens character varying NOT NULL,
    price numeric(6,2) NOT NULL,
    count integer NOT NULL,
    name character varying NOT NULL,
    title character varying NOT NULL
);


ALTER TABLE public.donut_app_donut OWNER TO mykolachernov;

--
-- Name: donut_app_donut_id_seq; Type: SEQUENCE; Schema: public; Owner: mykolachernov
--

ALTER TABLE public.donut_app_donut ALTER COLUMN id ADD GENERATED BY DEFAULT AS IDENTITY (
    SEQUENCE NAME public.donut_app_donut_id_seq
    START WITH 1
    INCREMENT BY 1
    NO MINVALUE
    NO MAXVALUE
    CACHE 1
);


--
-- Name: donut_app_order; Type: TABLE; Schema: public; Owner: mykolachernov
--

CREATE TABLE public.donut_app_order (
    id bigint NOT NULL,
    customer_name character varying(100) NOT NULL,
    customer_email character varying(100) NOT NULL,
    customer_address character varying(100) NOT NULL,
    created_at timestamp with time zone NOT NULL,
    total_price numeric(6,2) NOT NULL,
    updated_at timestamp with time zone NOT NULL,
    paid boolean NOT NULL,
    session_id character varying(100)
);


ALTER TABLE public.donut_app_order OWNER TO mykolachernov;

--
-- Name: donut_app_order_id_seq; Type: SEQUENCE; Schema: public; Owner: mykolachernov
--

ALTER TABLE public.donut_app_order ALTER COLUMN id ADD GENERATED BY DEFAULT AS IDENTITY (
    SEQUENCE NAME public.donut_app_order_id_seq
    START WITH 1
    INCREMENT BY 1
    NO MINVALUE
    NO MAXVALUE
    CACHE 1
);


--
-- Name: donut_app_orderitem; Type: TABLE; Schema: public; Owner: mykolachernov
--

CREATE TABLE public.donut_app_orderitem (
    id bigint NOT NULL,
    quantity integer NOT NULL,
    donut_id bigint NOT NULL,
    order_id bigint NOT NULL
);


ALTER TABLE public.donut_app_orderitem OWNER TO mykolachernov;

--
-- Name: donut_app_orderitem_id_seq; Type: SEQUENCE; Schema: public; Owner: mykolachernov
--

ALTER TABLE public.donut_app_orderitem ALTER COLUMN id ADD GENERATED BY DEFAULT AS IDENTITY (
    SEQUENCE NAME public.donut_app_orderitem_id_seq
    START WITH 1
    INCREMENT BY 1
    NO MINVALUE
    NO MAXVALUE
    CACHE 1
);


--
-- Data for Name: auth_group; Type: TABLE DATA; Schema: public; Owner: mykolachernov
--

COPY public.auth_group (id, name) FROM stdin;
\.


--
-- Data for Name: auth_group_permissions; Type: TABLE DATA; Schema: public; Owner: mykolachernov
--

COPY public.auth_group_permissions (id, group_id, permission_id) FROM stdin;
\.


--
-- Data for Name: auth_permission; Type: TABLE DATA; Schema: public; Owner: mykolachernov
--

COPY public.auth_permission (id, name, content_type_id, codename) FROM stdin;
1	Can add log entry	1	add_logentry
2	Can change log entry	1	change_logentry
3	Can delete log entry	1	delete_logentry
4	Can view log entry	1	view_logentry
5	Can add permission	2	add_permission
6	Can change permission	2	change_permission
7	Can delete permission	2	delete_permission
8	Can view permission	2	view_permission
9	Can add group	3	add_group
10	Can change group	3	change_group
11	Can delete group	3	delete_group
12	Can view group	3	view_group
13	Can add user	4	add_user
14	Can change user	4	change_user
15	Can delete user	4	delete_user
16	Can view user	4	view_user
17	Can add content type	5	add_contenttype
18	Can change content type	5	change_contenttype
19	Can delete content type	5	delete_contenttype
20	Can view content type	5	view_contenttype
21	Can add session	6	add_session
22	Can change session	6	change_session
23	Can delete session	6	delete_session
24	Can view session	6	view_session
25	Can add donut	7	add_donut
26	Can change donut	7	change_donut
27	Can delete donut	7	delete_donut
28	Can view donut	7	view_donut
29	Can add order	8	add_order
30	Can change order	8	change_order
31	Can delete order	8	delete_order
32	Can view order	8	view_order
33	Can add order item	9	add_orderitem
34	Can change order item	9	change_orderitem
35	Can delete order item	9	delete_orderitem
36	Can view order item	9	view_orderitem
\.


--
-- Data for Name: auth_user; Type: TABLE DATA; Schema: public; Owner: mykolachernov
--

COPY public.auth_user (id, password, last_login, is_superuser, username, first_name, last_name, email, is_staff, is_active, date_joined) FROM stdin;
1	pbkdf2_sha256$600000$2cK1sVbudyWUsSamz8RiZ4$Ln6Kf6bxQr6jC+ESDgFSVw97rQVfb+alF7oPdfAmRzs=	2023-05-12 09:35:11.783232+02	t	Mykola			4ernovnikola@gmial.com	t	t	2023-04-28 12:01:29.353368+02
\.


--
-- Data for Name: auth_user_groups; Type: TABLE DATA; Schema: public; Owner: mykolachernov
--

COPY public.auth_user_groups (id, user_id, group_id) FROM stdin;
\.


--
-- Data for Name: auth_user_user_permissions; Type: TABLE DATA; Schema: public; Owner: mykolachernov
--

COPY public.auth_user_user_permissions (id, user_id, permission_id) FROM stdin;
\.


--
-- Data for Name: django_admin_log; Type: TABLE DATA; Schema: public; Owner: mykolachernov
--

COPY public.django_admin_log (id, action_time, object_id, object_repr, action_flag, change_message, content_type_id, user_id) FROM stdin;
1	2023-04-28 12:01:39.531634+02	12	Blueberry Cake	3		7	1
2	2023-04-28 12:01:39.535224+02	11	Apple Fritter	3		7	1
3	2023-04-28 12:01:39.536243+02	10	Boston Cream	3		7	1
4	2023-04-28 12:01:39.537401+02	9	Blueberry Cake	3		7	1
5	2023-04-28 12:01:39.538505+02	8	Pistachio Honey	3		7	1
6	2023-04-28 12:01:39.540098+02	7	Lemon Zest	3		7	1
7	2023-04-28 12:01:39.541366+02	6	Apple Fritter	3		7	1
8	2023-04-28 12:01:39.542661+02	5	Red Velvet	3		7	1
9	2023-04-28 12:01:39.543906+02	4	Oreo	3		7	1
10	2023-04-28 12:01:39.545073+02	3	Salted Caramel	3		7	1
11	2023-04-28 12:01:39.545835+02	2	Raspberry Jelly	3		7	1
12	2023-04-28 12:01:39.546727+02	1	Boston Cream	3		7	1
13	2023-04-28 12:11:35.575836+02	13	Salted Caramel	3		7	1
14	2023-05-03 10:47:02.578471+02	213	Raspberry Jelly	3		7	1
15	2023-05-03 10:47:02.588337+02	212	Lemon Zest	3		7	1
16	2023-05-03 10:47:02.589678+02	211	Salted Caramel	3		7	1
17	2023-05-03 10:47:02.59095+02	210	S'mores	3		7	1
18	2023-05-03 10:47:02.592196+02	209	Strawberry Shortcake	3		7	1
19	2023-05-03 10:47:02.59351+02	208	Strawberry Shortcake	3		7	1
20	2023-05-03 10:47:02.594733+02	207	Vanilla Bean	3		7	1
21	2023-05-03 10:47:02.596148+02	206	Pistachio Honey	3		7	1
22	2023-05-03 10:47:02.597463+02	205	Tiramisu	3		7	1
23	2023-05-03 10:47:02.598565+02	204	Pistachio Honey	3		7	1
24	2023-05-03 10:47:02.599556+02	203	Matcha Green Tea	3		7	1
25	2023-05-03 10:47:02.600517+02	202	Vanilla Bean	3		7	1
26	2023-05-03 10:47:02.601791+02	201	Cinnamon Sugar	3		7	1
27	2023-05-03 10:47:02.603005+02	200	Maple Bacon	3		7	1
28	2023-05-03 10:47:02.604144+02	199	Pistachio Honey	3		7	1
29	2023-05-03 10:47:02.605186+02	198	Cinnamon Sugar	3		7	1
30	2023-05-03 10:47:02.606296+02	197	Blueberry Cake	3		7	1
31	2023-05-03 10:47:02.607483+02	196	Cinnamon Sugar	3		7	1
32	2023-05-03 10:47:02.608813+02	195	Cinnamon Sugar	3		7	1
33	2023-05-03 10:47:02.609791+02	194	Cinnamon Sugar	3		7	1
34	2023-05-03 10:47:02.611047+02	193	Matcha Green Tea	3		7	1
35	2023-05-03 10:47:02.612305+02	192	Glazed	3		7	1
36	2023-05-03 10:47:02.61356+02	191	Boston Cream	3		7	1
37	2023-05-03 10:47:02.614785+02	190	Matcha Green Tea	3		7	1
38	2023-05-03 10:47:02.6161+02	189	Tiramisu	3		7	1
39	2023-05-03 10:47:02.616912+02	188	Chocolate Chip	3		7	1
40	2023-05-03 10:47:02.617594+02	187	Red Velvet	3		7	1
41	2023-05-03 10:47:02.618257+02	186	Apple Fritter	3		7	1
42	2023-05-03 10:47:02.619056+02	185	Lemon Zest	3		7	1
43	2023-05-03 10:47:02.619968+02	184	Salted Caramel	3		7	1
44	2023-05-03 10:47:02.622559+02	183	Maple Bacon	3		7	1
45	2023-05-03 10:47:02.623507+02	182	Raspberry Jelly	3		7	1
46	2023-05-03 10:47:02.624674+02	181	Chocolate Chip	3		7	1
47	2023-05-03 10:47:02.625744+02	180	Maple Bacon	3		7	1
48	2023-05-03 10:47:02.62673+02	179	Maple Bacon	3		7	1
49	2023-05-03 10:47:02.627905+02	178	Lemon Zest	3		7	1
50	2023-05-03 10:47:02.629094+02	177	Oreo	3		7	1
51	2023-05-03 10:47:02.630261+02	176	Lemon Zest	3		7	1
52	2023-05-03 10:47:02.631082+02	175	Blueberry Cake	3		7	1
53	2023-05-03 10:47:02.631962+02	174	Red Velvet	3		7	1
54	2023-05-03 10:47:02.633169+02	173	Glazed	3		7	1
55	2023-05-03 10:47:02.634484+02	172	Maple Bacon	3		7	1
56	2023-05-03 10:47:02.63573+02	171	Salted Caramel	3		7	1
57	2023-05-03 10:47:02.636976+02	170	Salted Caramel	3		7	1
58	2023-05-03 10:47:02.638017+02	169	Red Velvet	3		7	1
59	2023-05-03 10:47:02.639208+02	168	Glazed	3		7	1
60	2023-05-03 10:47:02.640196+02	167	Chocolate Chip	3		7	1
61	2023-05-03 10:47:02.641309+02	166	Raspberry Jelly	3		7	1
62	2023-05-03 10:47:02.64232+02	165	Pumpkin Spice	3		7	1
63	2023-05-03 10:47:02.643471+02	164	Cinnamon Sugar	3		7	1
64	2023-05-03 10:47:02.644857+02	163	Salted Caramel	3		7	1
65	2023-05-03 10:47:02.646089+02	162	Maple Bacon	3		7	1
66	2023-05-03 10:47:02.647364+02	161	Red Velvet	3		7	1
67	2023-05-03 10:47:02.64873+02	160	Strawberry Shortcake	3		7	1
68	2023-05-03 10:47:02.649962+02	159	Chocolate Sprinkles	3		7	1
69	2023-05-03 10:47:02.650834+02	158	S'mores	3		7	1
70	2023-05-03 10:47:02.651619+02	157	Chocolate Chip	3		7	1
71	2023-05-03 10:47:02.652364+02	156	Chocolate Sprinkles	3		7	1
72	2023-05-03 10:47:02.653331+02	155	Oreo	3		7	1
73	2023-05-03 10:47:02.654566+02	154	Oreo	3		7	1
74	2023-05-03 10:47:02.655736+02	153	Cinnamon Sugar	3		7	1
75	2023-05-03 10:47:02.656827+02	152	Red Velvet	3		7	1
76	2023-05-03 10:47:02.657838+02	151	Chocolate Sprinkles	3		7	1
77	2023-05-03 10:47:02.659093+02	150	Tiramisu	3		7	1
78	2023-05-03 10:47:02.660362+02	149	Matcha Green Tea	3		7	1
79	2023-05-03 10:47:02.661636+02	148	S'mores	3		7	1
80	2023-05-03 10:47:02.662926+02	147	Lemon Zest	3		7	1
81	2023-05-03 10:47:02.664094+02	146	Red Velvet	3		7	1
82	2023-05-03 10:47:02.665114+02	145	Boston Cream	3		7	1
83	2023-05-03 10:47:02.666486+02	144	Strawberry Shortcake	3		7	1
84	2023-05-03 10:47:02.667734+02	143	Salted Caramel	3		7	1
85	2023-05-03 10:47:02.668966+02	142	Pistachio Honey	3		7	1
86	2023-05-03 10:47:02.670258+02	141	Chocolate Chip	3		7	1
87	2023-05-03 10:47:02.671563+02	140	Pumpkin Spice	3		7	1
88	2023-05-03 10:47:02.673056+02	139	Chocolate Chip	3		7	1
89	2023-05-03 10:47:02.67404+02	138	Apple Fritter	3		7	1
90	2023-05-03 10:47:02.674948+02	137	Oreo	3		7	1
91	2023-05-03 10:47:02.676281+02	136	Salted Caramel	3		7	1
92	2023-05-03 10:47:02.677558+02	135	Apple Fritter	3		7	1
93	2023-05-03 10:47:02.678882+02	134	Red Velvet	3		7	1
94	2023-05-03 10:47:02.68007+02	133	Maple Bacon	3		7	1
95	2023-05-03 10:47:02.681296+02	132	Chocolate Sprinkles	3		7	1
96	2023-05-03 10:47:02.682818+02	131	S'mores	3		7	1
97	2023-05-03 10:47:02.683716+02	130	Maple Bacon	3		7	1
98	2023-05-03 10:47:02.684633+02	129	Blueberry Cake	3		7	1
99	2023-05-03 10:47:02.685448+02	128	Matcha Green Tea	3		7	1
100	2023-05-03 10:47:02.686363+02	127	Chocolate Sprinkles	3		7	1
101	2023-05-03 10:47:02.687511+02	126	Red Velvet	3		7	1
102	2023-05-03 10:47:02.688862+02	125	Tiramisu	3		7	1
103	2023-05-03 10:47:02.690005+02	124	Pistachio Honey	3		7	1
104	2023-05-03 10:47:02.691187+02	123	Pistachio Honey	3		7	1
105	2023-05-03 10:47:02.692467+02	122	Cinnamon Sugar	3		7	1
106	2023-05-03 10:47:02.693601+02	121	Tiramisu	3		7	1
107	2023-05-03 10:47:02.694611+02	120	Maple Bacon	3		7	1
108	2023-05-03 10:47:02.695411+02	119	Red Velvet	3		7	1
109	2023-05-03 10:47:02.697473+02	118	Cinnamon Sugar	3		7	1
110	2023-05-03 10:47:02.698511+02	117	Maple Bacon	3		7	1
111	2023-05-03 10:47:02.699703+02	116	Red Velvet	3		7	1
112	2023-05-03 10:47:02.700746+02	115	Red Velvet	3		7	1
113	2023-05-03 10:47:02.701733+02	114	Salted Caramel	3		7	1
114	2023-05-03 10:47:09.245815+02	113	Glazed	3		7	1
115	2023-05-03 10:47:09.248755+02	112	Chocolate Chip	3		7	1
116	2023-05-03 10:47:09.249972+02	111	Pumpkin Spice	3		7	1
117	2023-05-03 10:47:09.251246+02	110	Red Velvet	3		7	1
118	2023-05-03 10:47:09.252557+02	109	Pistachio Honey	3		7	1
119	2023-05-03 10:47:09.253828+02	108	S'mores	3		7	1
120	2023-05-03 10:47:09.25523+02	107	Pistachio Honey	3		7	1
121	2023-05-03 10:47:09.25625+02	106	Oreo	3		7	1
122	2023-05-03 10:47:09.257255+02	105	Pistachio Honey	3		7	1
123	2023-05-03 10:47:09.258267+02	104	Cinnamon Sugar	3		7	1
124	2023-05-03 10:47:09.259252+02	103	Matcha Green Tea	3		7	1
125	2023-05-03 10:47:09.261014+02	102	Red Velvet	3		7	1
126	2023-05-03 10:47:09.262173+02	101	Strawberry Shortcake	3		7	1
127	2023-05-03 10:47:09.263203+02	100	Blueberry Cake	3		7	1
128	2023-05-03 10:47:09.264356+02	99	Strawberry Shortcake	3		7	1
129	2023-05-03 10:47:09.265592+02	98	Apple Fritter	3		7	1
130	2023-05-03 10:47:09.266938+02	97	Lemon Zest	3		7	1
131	2023-05-03 10:47:09.268187+02	96	Cinnamon Sugar	3		7	1
132	2023-05-03 10:47:09.269338+02	95	S'mores	3		7	1
133	2023-05-03 10:47:09.270377+02	94	Matcha Green Tea	3		7	1
134	2023-05-03 10:47:09.271879+02	93	Pistachio Honey	3		7	1
135	2023-05-03 10:47:09.272933+02	92	Pumpkin Spice	3		7	1
136	2023-05-03 10:47:09.273745+02	91	Lemon Zest	3		7	1
137	2023-05-03 10:47:09.274657+02	90	S'mores	3		7	1
138	2023-05-03 10:47:09.275895+02	89	Cinnamon Sugar	3		7	1
139	2023-05-03 10:47:09.277214+02	88	Oreo	3		7	1
140	2023-05-03 10:47:09.278791+02	87	Strawberry Shortcake	3		7	1
141	2023-05-03 10:47:09.279865+02	86	Vanilla Bean	3		7	1
142	2023-05-03 10:47:09.280972+02	85	S'mores	3		7	1
143	2023-05-03 10:47:09.282157+02	84	Maple Bacon	3		7	1
144	2023-05-03 10:47:09.283094+02	83	Boston Cream	3		7	1
145	2023-05-03 10:47:09.284412+02	82	Red Velvet	3		7	1
146	2023-05-03 10:47:09.285736+02	81	Glazed	3		7	1
147	2023-05-03 10:47:09.286892+02	80	Chocolate Chip	3		7	1
148	2023-05-03 10:47:09.288071+02	79	Pumpkin Spice	3		7	1
149	2023-05-03 10:47:09.289449+02	78	Oreo	3		7	1
150	2023-05-03 10:47:09.290578+02	77	Blueberry Cake	3		7	1
151	2023-05-03 10:47:09.291772+02	76	Apple Fritter	3		7	1
152	2023-05-03 10:47:09.292918+02	75	Apple Fritter	3		7	1
153	2023-05-03 10:47:09.294518+02	74	Oreo	3		7	1
154	2023-05-03 10:47:09.295342+02	73	Tiramisu	3		7	1
155	2023-05-03 10:47:09.29626+02	72	Cinnamon Sugar	3		7	1
156	2023-05-03 10:47:09.297064+02	71	Boston Cream	3		7	1
157	2023-05-03 10:47:09.298298+02	70	Chocolate Chip	3		7	1
158	2023-05-03 10:47:09.299181+02	69	Salted Caramel	3		7	1
159	2023-05-03 10:47:09.300325+02	68	Raspberry Jelly	3		7	1
160	2023-05-03 10:47:09.301582+02	67	Tiramisu	3		7	1
161	2023-05-03 10:47:09.302539+02	66	Raspberry Jelly	3		7	1
162	2023-05-03 10:47:09.303719+02	65	Lemon Zest	3		7	1
163	2023-05-03 10:47:09.304904+02	64	Boston Cream	3		7	1
164	2023-05-03 10:47:09.30613+02	63	Vanilla Bean	3		7	1
165	2023-05-03 10:47:09.307787+02	62	Pumpkin Spice	3		7	1
166	2023-05-03 10:47:09.309029+02	61	Oreo	3		7	1
167	2023-05-03 10:47:09.310274+02	60	Tiramisu	3		7	1
168	2023-05-03 10:47:09.311711+02	59	Chocolate Sprinkles	3		7	1
169	2023-05-03 10:47:09.313525+02	58	Apple Fritter	3		7	1
170	2023-05-03 10:47:09.314431+02	57	Blueberry Cake	3		7	1
171	2023-05-03 10:47:09.315316+02	56	Chocolate Sprinkles	3		7	1
172	2023-05-03 10:47:09.31621+02	55	Raspberry Jelly	3		7	1
173	2023-05-03 10:47:09.317022+02	54	Raspberry Jelly	3		7	1
174	2023-05-03 10:47:09.317803+02	53	Lemon Zest	3		7	1
175	2023-05-03 10:47:09.3187+02	52	Salted Caramel	3		7	1
176	2023-05-03 10:47:09.319533+02	51	Matcha Green Tea	3		7	1
177	2023-05-03 10:47:09.320399+02	50	Vanilla Bean	3		7	1
178	2023-05-03 10:47:09.321213+02	49	Oreo	3		7	1
179	2023-05-03 10:47:09.322016+02	48	Pistachio Honey	3		7	1
180	2023-05-03 10:47:09.323+02	47	Chocolate Sprinkles	3		7	1
181	2023-05-03 10:47:09.324139+02	46	S'mores	3		7	1
182	2023-05-03 10:47:09.325334+02	45	Strawberry Shortcake	3		7	1
183	2023-05-03 10:47:09.326604+02	44	Glazed	3		7	1
184	2023-05-03 10:47:09.327912+02	43	Chocolate Sprinkles	3		7	1
185	2023-05-03 10:47:09.329457+02	42	Blueberry Cake	3		7	1
186	2023-05-03 10:47:09.331044+02	41	Glazed	3		7	1
187	2023-05-03 10:47:09.331906+02	40	Maple Bacon	3		7	1
188	2023-05-03 10:47:09.332625+02	39	Chocolate Chip	3		7	1
189	2023-05-03 10:47:09.333427+02	38	Vanilla Bean	3		7	1
190	2023-05-03 10:47:09.334203+02	37	S'mores	3		7	1
191	2023-05-03 10:47:09.33495+02	36	Glazed	3		7	1
192	2023-05-03 10:47:09.335855+02	35	Raspberry Jelly	3		7	1
193	2023-05-03 10:47:09.336648+02	34	Chocolate Sprinkles	3		7	1
194	2023-05-03 10:47:09.337402+02	33	Pistachio Honey	3		7	1
195	2023-05-03 10:47:09.338229+02	32	Pistachio Honey	3		7	1
196	2023-05-03 10:47:09.339102+02	31	Glazed	3		7	1
197	2023-05-03 10:47:09.339991+02	30	Blueberry Cake	3		7	1
198	2023-05-03 10:47:09.340829+02	29	Vanilla Bean	3		7	1
199	2023-05-03 10:47:09.341629+02	28	Lemon Zest	3		7	1
200	2023-05-03 10:47:09.342394+02	27	Raspberry Jelly	3		7	1
201	2023-05-03 10:47:09.343468+02	26	Raspberry Jelly	3		7	1
202	2023-05-03 10:47:09.344629+02	25	Cinnamon Sugar	3		7	1
203	2023-05-03 10:47:09.346261+02	24	Pistachio Honey	3		7	1
204	2023-05-03 10:47:09.347439+02	23	Matcha Green Tea	3		7	1
205	2023-05-03 10:47:09.348666+02	22	Salted Caramel	3		7	1
206	2023-05-03 10:47:09.350043+02	21	Salted Caramel	3		7	1
207	2023-05-03 10:47:09.351054+02	20	Oreo	3		7	1
208	2023-05-03 10:47:09.351826+02	19	Boston Cream	3		7	1
209	2023-05-03 10:47:09.352572+02	18	Matcha Green Tea	3		7	1
210	2023-05-03 10:47:09.353319+02	17	Oreo	3		7	1
211	2023-05-03 10:47:09.354059+02	16	Chocolate Sprinkles	3		7	1
212	2023-05-03 10:47:09.354791+02	15	Salted Caramel	3		7	1
213	2023-05-03 10:47:09.355539+02	14	Maple Bacon	3		7	1
214	2023-05-03 11:07:42.045667+02	413	Blueberry Cake	3		7	1
215	2023-05-03 11:07:42.048966+02	412	Chocolate Chip	3		7	1
216	2023-05-03 11:07:42.050206+02	411	Strawberry Shortcake	3		7	1
217	2023-05-03 11:07:42.051852+02	410	Vanilla Bean	3		7	1
218	2023-05-03 11:07:42.053094+02	409	S'mores	3		7	1
219	2023-05-03 11:07:42.054174+02	408	Maple Bacon	3		7	1
220	2023-05-03 11:07:42.055551+02	407	Lemon Zest	3		7	1
221	2023-05-03 11:07:42.056832+02	406	S'mores	3		7	1
222	2023-05-03 11:07:42.058386+02	405	Oreo	3		7	1
223	2023-05-03 11:07:42.060175+02	404	Maple Bacon	3		7	1
224	2023-05-03 11:07:42.061552+02	403	Apple Fritter	3		7	1
225	2023-05-03 11:07:42.062682+02	402	Raspberry Jelly	3		7	1
226	2023-05-03 11:07:42.063553+02	401	Tiramisu	3		7	1
227	2023-05-03 11:07:42.064258+02	400	Cinnamon Sugar	3		7	1
228	2023-05-03 11:07:42.065051+02	399	Chocolate Sprinkles	3		7	1
229	2023-05-03 11:07:42.065957+02	398	Cinnamon Sugar	3		7	1
230	2023-05-03 11:07:42.067129+02	397	Chocolate Chip	3		7	1
231	2023-05-03 11:07:42.068499+02	396	Lemon Zest	3		7	1
232	2023-05-03 11:07:42.069544+02	395	Cinnamon Sugar	3		7	1
233	2023-05-03 11:07:42.071229+02	394	Matcha Green Tea	3		7	1
234	2023-05-03 11:07:42.072447+02	393	Strawberry Shortcake	3		7	1
235	2023-05-03 11:07:42.073663+02	392	S'mores	3		7	1
236	2023-05-03 11:07:42.074887+02	391	Apple Fritter	3		7	1
237	2023-05-03 11:07:42.076333+02	390	Tiramisu	3		7	1
238	2023-05-03 11:07:42.077353+02	389	Red Velvet	3		7	1
239	2023-05-03 11:07:42.078275+02	388	Boston Cream	3		7	1
240	2023-05-03 11:07:42.079349+02	387	Glazed	3		7	1
241	2023-05-03 11:07:42.080549+02	386	Apple Fritter	3		7	1
242	2023-05-03 11:07:42.081865+02	385	Salted Caramel	3		7	1
243	2023-05-03 11:07:42.083039+02	384	Cinnamon Sugar	3		7	1
244	2023-05-03 11:07:42.084102+02	383	Maple Bacon	3		7	1
245	2023-05-03 11:07:42.085207+02	382	Chocolate Chip	3		7	1
246	2023-05-03 11:07:42.086065+02	381	Pistachio Honey	3		7	1
247	2023-05-03 11:07:42.086995+02	380	Maple Bacon	3		7	1
248	2023-05-03 11:07:42.088204+02	379	Cinnamon Sugar	3		7	1
249	2023-05-03 11:07:42.08939+02	378	Raspberry Jelly	3		7	1
250	2023-05-03 11:07:42.090577+02	377	Boston Cream	3		7	1
251	2023-05-03 11:07:42.09166+02	376	Raspberry Jelly	3		7	1
252	2023-05-03 11:07:42.092659+02	375	Tiramisu	3		7	1
253	2023-05-03 11:07:42.094201+02	374	Vanilla Bean	3		7	1
254	2023-05-03 11:07:42.095558+02	373	Tiramisu	3		7	1
255	2023-05-03 11:07:42.096332+02	372	Chocolate Chip	3		7	1
256	2023-05-03 11:07:42.0971+02	371	Lemon Zest	3		7	1
257	2023-05-03 11:07:42.097827+02	370	Lemon Zest	3		7	1
258	2023-05-03 11:07:42.09855+02	369	Vanilla Bean	3		7	1
259	2023-05-03 11:07:42.099389+02	368	Lemon Zest	3		7	1
260	2023-05-03 11:07:42.100354+02	367	Tiramisu	3		7	1
261	2023-05-03 11:07:42.101264+02	366	Red Velvet	3		7	1
262	2023-05-03 11:07:42.1023+02	365	Chocolate Sprinkles	3		7	1
263	2023-05-03 11:07:42.103389+02	364	Cinnamon Sugar	3		7	1
264	2023-05-03 11:07:42.10468+02	363	Pumpkin Spice	3		7	1
265	2023-05-03 11:07:42.105844+02	362	Lemon Zest	3		7	1
266	2023-05-03 11:07:42.107113+02	361	Raspberry Jelly	3		7	1
267	2023-05-03 11:07:42.108426+02	360	Boston Cream	3		7	1
268	2023-05-03 11:07:42.109837+02	359	Pistachio Honey	3		7	1
269	2023-05-03 11:07:42.111415+02	358	Blueberry Cake	3		7	1
270	2023-05-03 11:07:42.112807+02	357	Pistachio Honey	3		7	1
271	2023-05-03 11:07:42.11356+02	356	Pistachio Honey	3		7	1
272	2023-05-03 11:07:42.114248+02	355	Lemon Zest	3		7	1
273	2023-05-03 11:07:42.114976+02	354	Matcha Green Tea	3		7	1
274	2023-05-03 11:07:42.115941+02	353	Red Velvet	3		7	1
275	2023-05-03 11:07:42.117278+02	352	Salted Caramel	3		7	1
276	2023-05-03 11:07:42.118734+02	351	Pistachio Honey	3		7	1
277	2023-05-03 11:07:42.119829+02	350	S'mores	3		7	1
278	2023-05-03 11:07:42.120781+02	349	Pumpkin Spice	3		7	1
279	2023-05-03 11:07:42.122031+02	348	Chocolate Chip	3		7	1
280	2023-05-03 11:07:42.123251+02	347	Pumpkin Spice	3		7	1
281	2023-05-03 11:07:42.124548+02	346	Glazed	3		7	1
282	2023-05-03 11:07:42.126024+02	345	Blueberry Cake	3		7	1
283	2023-05-03 11:07:42.127056+02	344	Cinnamon Sugar	3		7	1
284	2023-05-03 11:07:42.128317+02	343	Matcha Green Tea	3		7	1
285	2023-05-03 11:07:42.129545+02	342	Maple Bacon	3		7	1
286	2023-05-03 11:07:42.130879+02	341	Pistachio Honey	3		7	1
287	2023-05-03 11:07:42.13208+02	340	Blueberry Cake	3		7	1
288	2023-05-03 11:07:42.133111+02	339	Raspberry Jelly	3		7	1
289	2023-05-03 11:07:42.134095+02	338	Chocolate Chip	3		7	1
290	2023-05-03 11:07:42.135225+02	337	Vanilla Bean	3		7	1
291	2023-05-03 11:07:42.136089+02	336	Boston Cream	3		7	1
292	2023-05-03 11:07:42.137066+02	335	Maple Bacon	3		7	1
293	2023-05-03 11:07:42.138368+02	334	Salted Caramel	3		7	1
294	2023-05-03 11:07:42.139583+02	333	Salted Caramel	3		7	1
295	2023-05-03 11:07:42.140656+02	332	Boston Cream	3		7	1
296	2023-05-03 11:07:42.141816+02	331	Apple Fritter	3		7	1
297	2023-05-03 11:07:42.14306+02	330	Lemon Zest	3		7	1
298	2023-05-03 11:07:42.144266+02	329	Glazed	3		7	1
299	2023-05-03 11:07:42.145388+02	328	Matcha Green Tea	3		7	1
300	2023-05-03 11:07:42.146732+02	327	Apple Fritter	3		7	1
301	2023-05-03 11:07:42.147955+02	326	Pumpkin Spice	3		7	1
302	2023-05-03 11:07:42.149064+02	325	Cinnamon Sugar	3		7	1
303	2023-05-03 11:07:42.15021+02	324	Chocolate Sprinkles	3		7	1
304	2023-05-03 11:07:42.151459+02	323	Strawberry Shortcake	3		7	1
305	2023-05-03 11:07:42.152266+02	322	Boston Cream	3		7	1
306	2023-05-03 11:07:42.153189+02	321	Chocolate Sprinkles	3		7	1
307	2023-05-03 11:07:42.154099+02	320	Strawberry Shortcake	3		7	1
308	2023-05-03 11:07:42.154964+02	319	Matcha Green Tea	3		7	1
309	2023-05-03 11:07:42.155954+02	318	Oreo	3		7	1
310	2023-05-03 11:07:42.157152+02	317	Pistachio Honey	3		7	1
311	2023-05-03 11:07:42.157951+02	316	Chocolate Sprinkles	3		7	1
312	2023-05-03 11:07:42.158817+02	315	Boston Cream	3		7	1
313	2023-05-03 11:07:42.159575+02	314	Raspberry Jelly	3		7	1
314	2023-05-03 11:07:52.30483+02	313	Lemon Zest	3		7	1
315	2023-05-03 11:07:52.308178+02	312	Blueberry Cake	3		7	1
316	2023-05-03 11:07:52.309699+02	311	Oreo	3		7	1
317	2023-05-03 11:07:52.313445+02	310	Salted Caramel	3		7	1
318	2023-05-03 11:07:52.316969+02	309	Glazed	3		7	1
319	2023-05-03 11:07:52.318613+02	308	Raspberry Jelly	3		7	1
320	2023-05-03 11:07:52.319725+02	307	Maple Bacon	3		7	1
321	2023-05-03 11:07:52.320672+02	306	Boston Cream	3		7	1
322	2023-05-03 11:07:52.32166+02	305	Cinnamon Sugar	3		7	1
323	2023-05-03 11:07:52.322467+02	304	Red Velvet	3		7	1
324	2023-05-03 11:07:52.323501+02	303	Oreo	3		7	1
325	2023-05-03 11:07:52.324515+02	302	Maple Bacon	3		7	1
326	2023-05-03 11:07:52.325328+02	301	Lemon Zest	3		7	1
327	2023-05-03 11:07:52.326212+02	300	S'mores	3		7	1
328	2023-05-03 11:07:52.327477+02	299	Matcha Green Tea	3		7	1
329	2023-05-03 11:07:52.328802+02	298	Vanilla Bean	3		7	1
330	2023-05-03 11:07:52.329656+02	297	Glazed	3		7	1
331	2023-05-03 11:07:52.330353+02	296	Blueberry Cake	3		7	1
332	2023-05-03 11:07:52.331104+02	295	Lemon Zest	3		7	1
333	2023-05-03 11:07:52.331803+02	294	Boston Cream	3		7	1
334	2023-05-03 11:07:52.332659+02	293	Boston Cream	3		7	1
335	2023-05-03 11:07:52.334374+02	292	Maple Bacon	3		7	1
336	2023-05-03 11:07:52.335378+02	291	Apple Fritter	3		7	1
337	2023-05-03 11:07:52.33647+02	290	S'mores	3		7	1
338	2023-05-03 11:07:52.337819+02	289	Matcha Green Tea	3		7	1
339	2023-05-03 11:07:52.338945+02	288	Red Velvet	3		7	1
340	2023-05-03 11:07:52.340181+02	287	Vanilla Bean	3		7	1
341	2023-05-03 11:07:52.341382+02	286	Lemon Zest	3		7	1
342	2023-05-03 11:07:52.342361+02	285	Glazed	3		7	1
343	2023-05-03 11:07:52.343521+02	284	Red Velvet	3		7	1
344	2023-05-03 11:07:52.344552+02	283	Cinnamon Sugar	3		7	1
345	2023-05-03 11:07:52.345998+02	282	Red Velvet	3		7	1
346	2023-05-03 11:07:52.347228+02	281	S'mores	3		7	1
347	2023-05-03 11:07:52.348306+02	280	Red Velvet	3		7	1
348	2023-05-03 11:07:52.349648+02	279	Cinnamon Sugar	3		7	1
349	2023-05-03 11:07:52.350734+02	278	Red Velvet	3		7	1
350	2023-05-03 11:07:52.351488+02	277	S'mores	3		7	1
351	2023-05-03 11:07:52.352184+02	276	Chocolate Chip	3		7	1
352	2023-05-03 11:07:52.352935+02	275	Raspberry Jelly	3		7	1
353	2023-05-03 11:07:52.353841+02	274	Matcha Green Tea	3		7	1
354	2023-05-03 11:07:52.354615+02	273	Boston Cream	3		7	1
355	2023-05-03 11:07:52.35546+02	272	Lemon Zest	3		7	1
356	2023-05-03 11:07:52.356754+02	271	Tiramisu	3		7	1
357	2023-05-03 11:07:52.358336+02	270	Pistachio Honey	3		7	1
358	2023-05-03 11:07:52.359764+02	269	Apple Fritter	3		7	1
359	2023-05-03 11:07:52.361011+02	268	Maple Bacon	3		7	1
360	2023-05-03 11:07:52.362324+02	267	Salted Caramel	3		7	1
361	2023-05-03 11:07:52.363526+02	266	Blueberry Cake	3		7	1
362	2023-05-03 11:07:52.364552+02	265	Oreo	3		7	1
363	2023-05-03 11:07:52.365481+02	264	Salted Caramel	3		7	1
364	2023-05-03 11:07:52.366297+02	263	Tiramisu	3		7	1
365	2023-05-03 11:07:52.367183+02	262	Lemon Zest	3		7	1
366	2023-05-03 11:07:52.368146+02	261	Blueberry Cake	3		7	1
367	2023-05-03 11:07:52.369131+02	260	Chocolate Chip	3		7	1
368	2023-05-03 11:07:52.370078+02	259	Apple Fritter	3		7	1
369	2023-05-03 11:07:52.37101+02	258	Maple Bacon	3		7	1
370	2023-05-03 11:07:52.371978+02	257	Apple Fritter	3		7	1
371	2023-05-03 11:07:52.372831+02	256	Cinnamon Sugar	3		7	1
372	2023-05-03 11:07:52.37385+02	255	Pumpkin Spice	3		7	1
373	2023-05-03 11:07:52.375124+02	254	Lemon Zest	3		7	1
374	2023-05-03 11:07:52.376302+02	253	Chocolate Chip	3		7	1
375	2023-05-03 11:07:52.37729+02	252	Glazed	3		7	1
376	2023-05-03 11:07:52.378257+02	251	Pistachio Honey	3		7	1
377	2023-05-03 11:07:52.379967+02	250	Boston Cream	3		7	1
378	2023-05-03 11:07:52.381387+02	249	Lemon Zest	3		7	1
379	2023-05-03 11:07:52.382506+02	248	Pumpkin Spice	3		7	1
380	2023-05-03 11:07:52.383627+02	247	Matcha Green Tea	3		7	1
381	2023-05-03 11:07:52.384809+02	246	Red Velvet	3		7	1
382	2023-05-03 11:07:52.38584+02	245	Red Velvet	3		7	1
383	2023-05-03 11:07:52.386927+02	244	Chocolate Sprinkles	3		7	1
384	2023-05-03 11:07:52.38813+02	243	Strawberry Shortcake	3		7	1
385	2023-05-03 11:07:52.389256+02	242	Red Velvet	3		7	1
386	2023-05-03 11:07:52.390515+02	241	Pistachio Honey	3		7	1
387	2023-05-03 11:07:52.391664+02	240	Oreo	3		7	1
388	2023-05-03 11:07:52.392566+02	239	Boston Cream	3		7	1
389	2023-05-03 11:07:52.393562+02	238	S'mores	3		7	1
390	2023-05-03 11:07:52.394831+02	237	Vanilla Bean	3		7	1
391	2023-05-03 11:07:52.396073+02	236	Chocolate Chip	3		7	1
392	2023-05-03 11:07:52.397259+02	235	Cinnamon Sugar	3		7	1
393	2023-05-03 11:07:52.398338+02	234	Oreo	3		7	1
394	2023-05-03 11:07:52.399646+02	233	Chocolate Chip	3		7	1
395	2023-05-03 11:07:52.400503+02	232	Maple Bacon	3		7	1
396	2023-05-03 11:07:52.401317+02	231	Chocolate Chip	3		7	1
397	2023-05-03 11:07:52.402085+02	230	Cinnamon Sugar	3		7	1
398	2023-05-03 11:07:52.402885+02	229	Red Velvet	3		7	1
399	2023-05-03 11:07:52.403941+02	228	Pistachio Honey	3		7	1
400	2023-05-03 11:07:52.40488+02	227	Glazed	3		7	1
401	2023-05-03 11:07:52.406012+02	226	Maple Bacon	3		7	1
402	2023-05-03 11:07:52.407121+02	225	Blueberry Cake	3		7	1
403	2023-05-03 11:07:52.408197+02	224	Strawberry Shortcake	3		7	1
404	2023-05-03 11:07:52.409339+02	223	Maple Bacon	3		7	1
405	2023-05-03 11:07:52.410479+02	222	Oreo	3		7	1
406	2023-05-03 11:07:52.41164+02	221	Strawberry Shortcake	3		7	1
407	2023-05-03 11:07:52.412489+02	220	Raspberry Jelly	3		7	1
408	2023-05-03 11:07:52.413424+02	219	Red Velvet	3		7	1
409	2023-05-03 11:07:52.415214+02	218	Blueberry Cake	3		7	1
410	2023-05-03 11:07:52.416576+02	217	Boston Cream	3		7	1
411	2023-05-03 11:07:52.417432+02	216	Salted Caramel	3		7	1
412	2023-05-03 11:07:52.418121+02	215	Matcha Green Tea	3		7	1
413	2023-05-03 11:07:52.418872+02	214	Strawberry Shortcake	3		7	1
414	2023-05-03 11:11:40.961934+02	613	Matcha Green Tea	3		7	1
415	2023-05-03 11:11:40.965406+02	612	Pumpkin Spice	3		7	1
416	2023-05-03 11:11:40.966897+02	611	Vanilla Bean	3		7	1
417	2023-05-03 11:11:40.968048+02	610	S'mores	3		7	1
418	2023-05-03 11:11:40.969532+02	609	Blueberry Cake	3		7	1
419	2023-05-03 11:11:40.971546+02	608	Lemon Zest	3		7	1
420	2023-05-03 11:11:40.972831+02	607	Pumpkin Spice	3		7	1
421	2023-05-03 11:11:40.973875+02	606	Chocolate Chip	3		7	1
422	2023-05-03 11:11:40.974817+02	605	Red Velvet	3		7	1
423	2023-05-03 11:11:40.975893+02	604	Vanilla Bean	3		7	1
424	2023-05-03 11:11:40.976755+02	603	Vanilla Bean	3		7	1
425	2023-05-03 11:11:40.977963+02	602	Chocolate Chip	3		7	1
426	2023-05-03 11:11:40.979095+02	601	Chocolate Sprinkles	3		7	1
427	2023-05-03 11:11:40.980285+02	600	Cinnamon Sugar	3		7	1
428	2023-05-03 11:11:40.981369+02	599	Oreo	3		7	1
429	2023-05-03 11:11:40.982896+02	598	Oreo	3		7	1
430	2023-05-03 11:11:40.983721+02	597	Chocolate Chip	3		7	1
431	2023-05-03 11:11:40.984477+02	596	Pistachio Honey	3		7	1
432	2023-05-03 11:11:40.985726+02	595	Pistachio Honey	3		7	1
433	2023-05-03 11:11:40.986645+02	594	Oreo	3		7	1
434	2023-05-03 11:11:40.987665+02	593	Glazed	3		7	1
435	2023-05-03 11:11:40.988784+02	592	Apple Fritter	3		7	1
436	2023-05-03 11:11:40.989896+02	591	Blueberry Cake	3		7	1
437	2023-05-03 11:11:40.990996+02	590	Salted Caramel	3		7	1
438	2023-05-03 11:11:40.991865+02	589	Chocolate Sprinkles	3		7	1
439	2023-05-03 11:11:40.992803+02	588	Blueberry Cake	3		7	1
440	2023-05-03 11:11:40.994033+02	587	Chocolate Sprinkles	3		7	1
441	2023-05-03 11:11:40.995504+02	586	Maple Bacon	3		7	1
442	2023-05-03 11:11:40.999866+02	585	Salted Caramel	3		7	1
443	2023-05-03 11:11:41.001237+02	584	Chocolate Chip	3		7	1
444	2023-05-03 11:11:41.002522+02	583	Lemon Zest	3		7	1
445	2023-05-03 11:11:41.003699+02	582	Raspberry Jelly	3		7	1
446	2023-05-03 11:11:41.004829+02	581	Boston Cream	3		7	1
447	2023-05-03 11:11:41.006039+02	580	Oreo	3		7	1
448	2023-05-03 11:11:41.007303+02	579	Salted Caramel	3		7	1
449	2023-05-03 11:11:41.008381+02	578	Pumpkin Spice	3		7	1
450	2023-05-03 11:11:41.009294+02	577	Blueberry Cake	3		7	1
451	2023-05-03 11:11:41.010554+02	576	Matcha Green Tea	3		7	1
452	2023-05-03 11:11:41.011719+02	575	Tiramisu	3		7	1
453	2023-05-03 11:11:41.01293+02	574	Oreo	3		7	1
454	2023-05-03 11:11:41.014549+02	573	Oreo	3		7	1
455	2023-05-03 11:11:41.015782+02	572	Salted Caramel	3		7	1
456	2023-05-03 11:11:41.016929+02	571	Lemon Zest	3		7	1
457	2023-05-03 11:11:41.018035+02	570	Cinnamon Sugar	3		7	1
458	2023-05-03 11:11:41.019312+02	569	Boston Cream	3		7	1
459	2023-05-03 11:11:41.02028+02	568	Tiramisu	3		7	1
460	2023-05-03 11:11:41.021074+02	567	Raspberry Jelly	3		7	1
461	2023-05-03 11:11:41.021854+02	566	Pistachio Honey	3		7	1
462	2023-05-03 11:11:41.022635+02	565	Matcha Green Tea	3		7	1
463	2023-05-03 11:11:41.023648+02	564	Vanilla Bean	3		7	1
464	2023-05-03 11:11:41.024884+02	563	Boston Cream	3		7	1
465	2023-05-03 11:11:41.025939+02	562	Glazed	3		7	1
466	2023-05-03 11:11:41.02676+02	561	Blueberry Cake	3		7	1
467	2023-05-03 11:11:41.027638+02	560	Boston Cream	3		7	1
468	2023-05-03 11:11:41.028589+02	559	Oreo	3		7	1
469	2023-05-03 11:11:41.029794+02	558	Maple Bacon	3		7	1
470	2023-05-03 11:11:41.030766+02	557	Red Velvet	3		7	1
471	2023-05-03 11:11:41.032186+02	556	Pumpkin Spice	3		7	1
472	2023-05-03 11:11:41.034133+02	555	Vanilla Bean	3		7	1
473	2023-05-03 11:11:41.03616+02	554	Salted Caramel	3		7	1
474	2023-05-03 11:11:41.037324+02	553	Cinnamon Sugar	3		7	1
475	2023-05-03 11:11:41.038943+02	552	Tiramisu	3		7	1
476	2023-05-03 11:11:41.039921+02	551	Raspberry Jelly	3		7	1
477	2023-05-03 11:11:41.040749+02	550	Strawberry Shortcake	3		7	1
478	2023-05-03 11:11:41.041561+02	549	Glazed	3		7	1
479	2023-05-03 11:11:41.042384+02	548	Strawberry Shortcake	3		7	1
480	2023-05-03 11:11:41.043329+02	547	Cinnamon Sugar	3		7	1
481	2023-05-03 11:11:41.04421+02	546	Oreo	3		7	1
482	2023-05-03 11:11:41.045114+02	545	Tiramisu	3		7	1
483	2023-05-03 11:11:41.045972+02	544	Raspberry Jelly	3		7	1
484	2023-05-03 11:11:41.047005+02	543	Matcha Green Tea	3		7	1
485	2023-05-03 11:11:41.047958+02	542	Salted Caramel	3		7	1
486	2023-05-03 11:11:41.048783+02	541	Glazed	3		7	1
487	2023-05-03 11:11:41.049578+02	540	Salted Caramel	3		7	1
488	2023-05-03 11:11:41.050444+02	539	Strawberry Shortcake	3		7	1
489	2023-05-03 11:11:41.052009+02	538	Pumpkin Spice	3		7	1
490	2023-05-03 11:11:41.052916+02	537	Strawberry Shortcake	3		7	1
491	2023-05-03 11:11:41.053713+02	536	Chocolate Sprinkles	3		7	1
492	2023-05-03 11:11:41.054483+02	535	Cinnamon Sugar	3		7	1
493	2023-05-03 11:11:41.055245+02	534	Pumpkin Spice	3		7	1
494	2023-05-03 11:11:41.056079+02	533	Cinnamon Sugar	3		7	1
495	2023-05-03 11:11:41.057018+02	532	Matcha Green Tea	3		7	1
496	2023-05-03 11:11:41.057898+02	531	Vanilla Bean	3		7	1
497	2023-05-03 11:11:41.058719+02	530	Maple Bacon	3		7	1
498	2023-05-03 11:11:41.05982+02	529	Oreo	3		7	1
499	2023-05-03 11:11:41.060708+02	528	Raspberry Jelly	3		7	1
500	2023-05-03 11:11:41.061415+02	527	Strawberry Shortcake	3		7	1
501	2023-05-03 11:11:41.062076+02	526	Raspberry Jelly	3		7	1
502	2023-05-03 11:11:41.062823+02	525	Raspberry Jelly	3		7	1
503	2023-05-03 11:11:41.064655+02	524	Chocolate Chip	3		7	1
504	2023-05-03 11:11:41.065912+02	523	Maple Bacon	3		7	1
505	2023-05-03 11:11:41.07009+02	522	Apple Fritter	3		7	1
506	2023-05-03 11:11:41.0712+02	521	Strawberry Shortcake	3		7	1
507	2023-05-03 11:11:41.072188+02	520	Raspberry Jelly	3		7	1
508	2023-05-03 11:11:41.072985+02	519	Maple Bacon	3		7	1
509	2023-05-03 11:11:41.073773+02	518	Matcha Green Tea	3		7	1
510	2023-05-03 11:11:41.074522+02	517	Apple Fritter	3		7	1
511	2023-05-03 11:11:41.075325+02	516	Vanilla Bean	3		7	1
512	2023-05-03 11:11:41.076087+02	515	Vanilla Bean	3		7	1
513	2023-05-03 11:11:41.076849+02	514	Chocolate Sprinkles	3		7	1
514	2023-05-03 11:11:50.501867+02	513	S'mores	3		7	1
515	2023-05-03 11:11:50.504394+02	512	Glazed	3		7	1
516	2023-05-03 11:11:50.505709+02	511	Red Velvet	3		7	1
517	2023-05-03 11:11:50.506942+02	510	Tiramisu	3		7	1
518	2023-05-03 11:11:50.508584+02	509	Strawberry Shortcake	3		7	1
519	2023-05-03 11:11:50.509699+02	508	Apple Fritter	3		7	1
520	2023-05-03 11:11:50.510661+02	507	Salted Caramel	3		7	1
521	2023-05-03 11:11:50.511558+02	506	Pistachio Honey	3		7	1
522	2023-05-03 11:11:50.512393+02	505	Matcha Green Tea	3		7	1
523	2023-05-03 11:11:50.513369+02	504	Strawberry Shortcake	3		7	1
524	2023-05-03 11:11:50.514436+02	503	Tiramisu	3		7	1
525	2023-05-03 11:11:50.515383+02	502	Pumpkin Spice	3		7	1
526	2023-05-03 11:11:50.516751+02	501	Strawberry Shortcake	3		7	1
527	2023-05-03 11:11:50.518391+02	500	Vanilla Bean	3		7	1
528	2023-05-03 11:11:50.519668+02	499	S'mores	3		7	1
529	2023-05-03 11:11:50.520831+02	498	Blueberry Cake	3		7	1
530	2023-05-03 11:11:50.522013+02	497	Cinnamon Sugar	3		7	1
531	2023-05-03 11:11:50.52324+02	496	Chocolate Sprinkles	3		7	1
532	2023-05-03 11:11:50.524573+02	495	Maple Bacon	3		7	1
533	2023-05-03 11:11:50.525405+02	494	Chocolate Chip	3		7	1
534	2023-05-03 11:11:50.526136+02	493	Boston Cream	3		7	1
535	2023-05-03 11:11:50.526887+02	492	Apple Fritter	3		7	1
536	2023-05-03 11:11:50.527702+02	491	S'mores	3		7	1
537	2023-05-03 11:11:50.528909+02	490	S'mores	3		7	1
538	2023-05-03 11:11:50.529954+02	489	Red Velvet	3		7	1
539	2023-05-03 11:11:50.530935+02	488	Apple Fritter	3		7	1
540	2023-05-03 11:11:50.531792+02	487	Red Velvet	3		7	1
541	2023-05-03 11:11:50.532583+02	486	S'mores	3		7	1
542	2023-05-03 11:11:50.533529+02	485	Strawberry Shortcake	3		7	1
543	2023-05-03 11:11:50.5348+02	484	Cinnamon Sugar	3		7	1
544	2023-05-03 11:11:50.535913+02	483	Blueberry Cake	3		7	1
545	2023-05-03 11:11:50.536915+02	482	S'mores	3		7	1
546	2023-05-03 11:11:50.538076+02	481	Tiramisu	3		7	1
547	2023-05-03 11:11:50.539249+02	480	Blueberry Cake	3		7	1
548	2023-05-03 11:11:50.5409+02	479	Tiramisu	3		7	1
549	2023-05-03 11:11:50.541908+02	478	Glazed	3		7	1
550	2023-05-03 11:11:50.543064+02	477	Glazed	3		7	1
551	2023-05-03 11:11:50.54425+02	476	Apple Fritter	3		7	1
552	2023-05-03 11:11:50.545481+02	475	Salted Caramel	3		7	1
553	2023-05-03 11:11:50.546736+02	474	Oreo	3		7	1
554	2023-05-03 11:11:50.547715+02	473	Matcha Green Tea	3		7	1
555	2023-05-03 11:11:50.54888+02	472	Vanilla Bean	3		7	1
556	2023-05-03 11:11:50.549975+02	471	Oreo	3		7	1
557	2023-05-03 11:11:50.550907+02	470	Chocolate Chip	3		7	1
558	2023-05-03 11:11:50.552065+02	469	Strawberry Shortcake	3		7	1
559	2023-05-03 11:11:50.553234+02	468	Apple Fritter	3		7	1
560	2023-05-03 11:11:50.554415+02	467	Red Velvet	3		7	1
561	2023-05-03 11:11:50.555384+02	466	S'mores	3		7	1
562	2023-05-03 11:11:50.556652+02	465	Boston Cream	3		7	1
563	2023-05-03 11:11:50.557805+02	464	Red Velvet	3		7	1
564	2023-05-03 11:11:50.558784+02	463	Tiramisu	3		7	1
565	2023-05-03 11:11:50.560156+02	462	Red Velvet	3		7	1
566	2023-05-03 11:11:50.561561+02	461	Matcha Green Tea	3		7	1
567	2023-05-03 11:11:50.562421+02	460	Maple Bacon	3		7	1
568	2023-05-03 11:11:50.563162+02	459	Maple Bacon	3		7	1
569	2023-05-03 11:11:50.564281+02	458	S'mores	3		7	1
570	2023-05-03 11:11:50.565322+02	457	Apple Fritter	3		7	1
571	2023-05-03 11:11:50.56653+02	456	Apple Fritter	3		7	1
572	2023-05-03 11:11:50.567697+02	455	Glazed	3		7	1
573	2023-05-03 11:11:50.568915+02	454	Chocolate Chip	3		7	1
574	2023-05-03 11:11:50.57024+02	453	Red Velvet	3		7	1
575	2023-05-03 11:11:50.5714+02	452	Chocolate Sprinkles	3		7	1
576	2023-05-03 11:11:50.57269+02	451	S'mores	3		7	1
577	2023-05-03 11:11:50.573705+02	450	Pistachio Honey	3		7	1
578	2023-05-03 11:11:50.574913+02	449	Oreo	3		7	1
579	2023-05-03 11:11:50.576082+02	448	S'mores	3		7	1
580	2023-05-03 11:11:50.577209+02	447	Oreo	3		7	1
581	2023-05-03 11:11:50.57809+02	446	Tiramisu	3		7	1
582	2023-05-03 11:11:50.57914+02	445	Glazed	3		7	1
583	2023-05-03 11:11:50.580447+02	444	Raspberry Jelly	3		7	1
584	2023-05-03 11:11:50.58154+02	443	Blueberry Cake	3		7	1
585	2023-05-03 11:11:50.582542+02	442	Strawberry Shortcake	3		7	1
586	2023-05-03 11:11:50.583743+02	441	Apple Fritter	3		7	1
587	2023-05-03 11:11:50.58499+02	440	Cinnamon Sugar	3		7	1
588	2023-05-03 11:11:50.586152+02	439	Matcha Green Tea	3		7	1
589	2023-05-03 11:11:50.587126+02	438	Red Velvet	3		7	1
590	2023-05-03 11:11:50.587979+02	437	Oreo	3		7	1
591	2023-05-03 11:11:50.58889+02	436	Glazed	3		7	1
592	2023-05-03 11:11:50.589875+02	435	Pistachio Honey	3		7	1
593	2023-05-03 11:11:50.59092+02	434	Vanilla Bean	3		7	1
594	2023-05-03 11:11:50.591869+02	433	Maple Bacon	3		7	1
595	2023-05-03 11:11:50.593224+02	432	Pistachio Honey	3		7	1
596	2023-05-03 11:11:50.594562+02	431	Chocolate Chip	3		7	1
597	2023-05-03 11:11:50.595836+02	430	Blueberry Cake	3		7	1
598	2023-05-03 11:11:50.596614+02	429	Maple Bacon	3		7	1
599	2023-05-03 11:11:50.598276+02	428	Salted Caramel	3		7	1
600	2023-05-03 11:11:50.599276+02	427	Maple Bacon	3		7	1
601	2023-05-03 11:11:50.600708+02	426	Raspberry Jelly	3		7	1
602	2023-05-03 11:11:50.601854+02	425	Glazed	3		7	1
603	2023-05-03 11:11:50.602696+02	424	Pistachio Honey	3		7	1
604	2023-05-03 11:11:50.603923+02	423	Boston Cream	3		7	1
605	2023-05-03 11:11:50.605107+02	422	Salted Caramel	3		7	1
606	2023-05-03 11:11:50.606076+02	421	Vanilla Bean	3		7	1
607	2023-05-03 11:11:50.607021+02	420	S'mores	3		7	1
608	2023-05-03 11:11:50.608349+02	419	Chocolate Chip	3		7	1
609	2023-05-03 11:11:50.609657+02	418	Tiramisu	3		7	1
610	2023-05-03 11:11:50.610865+02	417	Red Velvet	3		7	1
611	2023-05-03 11:11:50.612156+02	416	Red Velvet	3		7	1
612	2023-05-03 11:11:50.613114+02	415	Lemon Zest	3		7	1
613	2023-05-03 11:11:50.613971+02	414	Raspberry Jelly	3		7	1
614	2023-05-03 11:14:28.165847+02	813	Raspberry Jelly	3		7	1
615	2023-05-03 11:14:28.171375+02	812	Maple Bacon	3		7	1
616	2023-05-03 11:14:28.172878+02	811	S'mores	3		7	1
617	2023-05-03 11:14:28.17383+02	810	Apple Fritter	3		7	1
618	2023-05-03 11:14:28.17478+02	809	Boston Cream	3		7	1
619	2023-05-03 11:14:28.17625+02	808	Apple Fritter	3		7	1
620	2023-05-03 11:14:28.17783+02	807	Blueberry Cake	3		7	1
621	2023-05-03 11:14:28.179182+02	806	Lemon Zest	3		7	1
622	2023-05-03 11:14:28.180328+02	805	Chocolate Chip	3		7	1
623	2023-05-03 11:14:28.181133+02	804	Boston Cream	3		7	1
624	2023-05-03 11:14:28.182131+02	803	Raspberry Jelly	3		7	1
625	2023-05-03 11:14:28.183925+02	802	Oreo	3		7	1
626	2023-05-03 11:14:28.184861+02	801	Glazed	3		7	1
627	2023-05-03 11:14:28.185663+02	800	S'mores	3		7	1
628	2023-05-03 11:14:28.186561+02	799	Cinnamon Sugar	3		7	1
629	2023-05-03 11:14:28.188291+02	798	Raspberry Jelly	3		7	1
630	2023-05-03 11:14:28.189243+02	797	Red Velvet	3		7	1
631	2023-05-03 11:14:28.190029+02	796	Pumpkin Spice	3		7	1
632	2023-05-03 11:14:28.190772+02	795	Tiramisu	3		7	1
633	2023-05-03 11:14:28.191706+02	794	Blueberry Cake	3		7	1
634	2023-05-03 11:14:28.192668+02	793	Chocolate Sprinkles	3		7	1
635	2023-05-03 11:14:28.193475+02	792	Apple Fritter	3		7	1
636	2023-05-03 11:14:28.194267+02	791	Salted Caramel	3		7	1
637	2023-05-03 11:14:28.19499+02	790	Raspberry Jelly	3		7	1
638	2023-05-03 11:14:28.195712+02	789	S'mores	3		7	1
639	2023-05-03 11:14:28.196435+02	788	Matcha Green Tea	3		7	1
640	2023-05-03 11:14:28.197174+02	787	Cinnamon Sugar	3		7	1
641	2023-05-03 11:14:28.198124+02	786	Salted Caramel	3		7	1
642	2023-05-03 11:14:28.201466+02	785	Glazed	3		7	1
643	2023-05-03 11:14:28.202661+02	784	Vanilla Bean	3		7	1
644	2023-05-03 11:14:28.204077+02	783	S'mores	3		7	1
645	2023-05-03 11:14:28.205348+02	782	Oreo	3		7	1
646	2023-05-03 11:14:28.206641+02	781	Matcha Green Tea	3		7	1
647	2023-05-03 11:14:28.207591+02	780	Blueberry Cake	3		7	1
648	2023-05-03 11:14:28.208704+02	779	Oreo	3		7	1
649	2023-05-03 11:14:28.209559+02	778	Oreo	3		7	1
650	2023-05-03 11:14:28.210348+02	777	Cinnamon Sugar	3		7	1
651	2023-05-03 11:14:28.211288+02	776	Matcha Green Tea	3		7	1
652	2023-05-03 11:14:28.212126+02	775	Oreo	3		7	1
653	2023-05-03 11:14:28.212913+02	774	S'mores	3		7	1
654	2023-05-03 11:14:28.213667+02	773	Blueberry Cake	3		7	1
655	2023-05-03 11:14:28.214561+02	772	Tiramisu	3		7	1
656	2023-05-03 11:14:28.216459+02	771	Glazed	3		7	1
657	2023-05-03 11:14:28.217303+02	770	Raspberry Jelly	3		7	1
658	2023-05-03 11:14:28.218061+02	769	Red Velvet	3		7	1
659	2023-05-03 11:14:28.21881+02	768	Pistachio Honey	3		7	1
660	2023-05-03 11:14:28.219585+02	767	Maple Bacon	3		7	1
661	2023-05-03 11:14:28.220889+02	766	Boston Cream	3		7	1
662	2023-05-03 11:14:28.222178+02	765	Salted Caramel	3		7	1
663	2023-05-03 11:14:28.223212+02	764	Pistachio Honey	3		7	1
664	2023-05-03 11:14:28.22401+02	763	Red Velvet	3		7	1
665	2023-05-03 11:14:28.22483+02	762	Boston Cream	3		7	1
666	2023-05-03 11:14:28.225935+02	761	Lemon Zest	3		7	1
667	2023-05-03 11:14:28.22683+02	760	Chocolate Sprinkles	3		7	1
668	2023-05-03 11:14:28.227753+02	759	Glazed	3		7	1
669	2023-05-03 11:14:28.228953+02	758	Strawberry Shortcake	3		7	1
670	2023-05-03 11:14:28.230224+02	757	Vanilla Bean	3		7	1
671	2023-05-03 11:14:28.231419+02	756	S'mores	3		7	1
672	2023-05-03 11:14:28.232981+02	755	Boston Cream	3		7	1
673	2023-05-03 11:14:28.234429+02	754	Boston Cream	3		7	1
674	2023-05-03 11:14:28.236231+02	753	Vanilla Bean	3		7	1
675	2023-05-03 11:14:28.237566+02	752	Apple Fritter	3		7	1
676	2023-05-03 11:14:28.238931+02	751	Glazed	3		7	1
677	2023-05-03 11:14:28.240104+02	750	Apple Fritter	3		7	1
678	2023-05-03 11:14:28.241338+02	749	Lemon Zest	3		7	1
679	2023-05-03 11:14:28.242313+02	748	Chocolate Chip	3		7	1
680	2023-05-03 11:14:28.24353+02	747	Raspberry Jelly	3		7	1
681	2023-05-03 11:14:28.24469+02	746	Salted Caramel	3		7	1
682	2023-05-03 11:14:28.245891+02	745	Blueberry Cake	3		7	1
683	2023-05-03 11:14:28.24682+02	744	Maple Bacon	3		7	1
684	2023-05-03 11:14:28.247852+02	743	Boston Cream	3		7	1
685	2023-05-03 11:14:28.249255+02	742	Raspberry Jelly	3		7	1
686	2023-05-03 11:14:28.250291+02	741	Boston Cream	3		7	1
687	2023-05-03 11:14:28.251216+02	740	Oreo	3		7	1
688	2023-05-03 11:14:28.252356+02	739	Red Velvet	3		7	1
689	2023-05-03 11:14:28.253502+02	738	Glazed	3		7	1
690	2023-05-03 11:14:28.25474+02	737	Salted Caramel	3		7	1
691	2023-05-03 11:14:28.255799+02	736	Raspberry Jelly	3		7	1
692	2023-05-03 11:14:28.256605+02	735	Pistachio Honey	3		7	1
693	2023-05-03 11:14:28.257927+02	734	Chocolate Chip	3		7	1
694	2023-05-03 11:14:28.259107+02	733	Oreo	3		7	1
695	2023-05-03 11:14:28.26032+02	732	Lemon Zest	3		7	1
696	2023-05-03 11:14:28.261697+02	731	Red Velvet	3		7	1
697	2023-05-03 11:14:28.262915+02	730	Salted Caramel	3		7	1
698	2023-05-03 11:14:28.26412+02	729	Raspberry Jelly	3		7	1
699	2023-05-03 11:14:28.266044+02	728	Oreo	3		7	1
700	2023-05-03 11:14:28.267384+02	727	Pumpkin Spice	3		7	1
701	2023-05-03 11:14:28.268271+02	726	Chocolate Chip	3		7	1
702	2023-05-03 11:14:28.269774+02	725	Vanilla Bean	3		7	1
703	2023-05-03 11:14:28.271387+02	724	Boston Cream	3		7	1
704	2023-05-03 11:14:28.272834+02	723	Raspberry Jelly	3		7	1
705	2023-05-03 11:14:28.273765+02	722	Blueberry Cake	3		7	1
706	2023-05-03 11:14:28.274641+02	721	Apple Fritter	3		7	1
707	2023-05-03 11:14:28.275857+02	720	Pistachio Honey	3		7	1
708	2023-05-03 11:14:28.277071+02	719	Glazed	3		7	1
709	2023-05-03 11:14:28.278177+02	718	Strawberry Shortcake	3		7	1
710	2023-05-03 11:14:28.279186+02	717	Maple Bacon	3		7	1
711	2023-05-03 11:14:28.280418+02	716	Pumpkin Spice	3		7	1
712	2023-05-03 11:14:28.28143+02	715	Apple Fritter	3		7	1
713	2023-05-03 11:14:28.282981+02	714	Strawberry Shortcake	3		7	1
714	2023-05-03 11:14:34.426189+02	713	Vanilla Bean	3		7	1
715	2023-05-03 11:14:34.42963+02	712	Matcha Green Tea	3		7	1
716	2023-05-03 11:14:34.430866+02	711	S'mores	3		7	1
717	2023-05-03 11:14:34.432408+02	710	Matcha Green Tea	3		7	1
718	2023-05-03 11:14:34.433632+02	709	Glazed	3		7	1
719	2023-05-03 11:14:34.434712+02	708	Cinnamon Sugar	3		7	1
720	2023-05-03 11:14:34.435943+02	707	Pistachio Honey	3		7	1
721	2023-05-03 11:14:34.437167+02	706	Pistachio Honey	3		7	1
722	2023-05-03 11:14:34.438468+02	705	Maple Bacon	3		7	1
723	2023-05-03 11:14:34.439303+02	704	S'mores	3		7	1
724	2023-05-03 11:14:34.440084+02	703	Pistachio Honey	3		7	1
725	2023-05-03 11:14:34.440949+02	702	Maple Bacon	3		7	1
726	2023-05-03 11:14:34.441918+02	701	Vanilla Bean	3		7	1
727	2023-05-03 11:14:34.4431+02	700	Maple Bacon	3		7	1
728	2023-05-03 11:14:34.444437+02	699	Blueberry Cake	3		7	1
729	2023-05-03 11:14:34.445608+02	698	Matcha Green Tea	3		7	1
730	2023-05-03 11:14:34.446573+02	697	Boston Cream	3		7	1
731	2023-05-03 11:14:34.447465+02	696	Lemon Zest	3		7	1
732	2023-05-03 11:14:34.448455+02	695	Salted Caramel	3		7	1
733	2023-05-03 11:14:34.449639+02	694	Pumpkin Spice	3		7	1
734	2023-05-03 11:14:34.451145+02	693	Tiramisu	3		7	1
735	2023-05-03 11:14:34.452225+02	692	S'mores	3		7	1
736	2023-05-03 11:14:34.453097+02	691	Raspberry Jelly	3		7	1
737	2023-05-03 11:14:34.454296+02	690	Pistachio Honey	3		7	1
738	2023-05-03 11:14:34.455317+02	689	Raspberry Jelly	3		7	1
739	2023-05-03 11:14:34.456369+02	688	Pumpkin Spice	3		7	1
740	2023-05-03 11:14:34.45774+02	687	Glazed	3		7	1
741	2023-05-03 11:14:34.45873+02	686	Matcha Green Tea	3		7	1
742	2023-05-03 11:14:34.459673+02	685	Boston Cream	3		7	1
743	2023-05-03 11:14:34.460711+02	684	Strawberry Shortcake	3		7	1
744	2023-05-03 11:14:34.462049+02	683	Lemon Zest	3		7	1
745	2023-05-03 11:14:34.463281+02	682	Chocolate Sprinkles	3		7	1
746	2023-05-03 11:14:34.464328+02	681	Chocolate Chip	3		7	1
747	2023-05-03 11:14:34.465487+02	680	Tiramisu	3		7	1
748	2023-05-03 11:14:34.4669+02	679	Glazed	3		7	1
749	2023-05-03 11:14:34.467908+02	678	Lemon Zest	3		7	1
750	2023-05-03 11:14:34.468994+02	677	Strawberry Shortcake	3		7	1
751	2023-05-03 11:14:34.469905+02	676	Apple Fritter	3		7	1
752	2023-05-03 11:14:34.471155+02	675	Matcha Green Tea	3		7	1
753	2023-05-03 11:14:34.472103+02	674	Matcha Green Tea	3		7	1
754	2023-05-03 11:14:34.473191+02	673	Lemon Zest	3		7	1
755	2023-05-03 11:14:34.474363+02	672	Cinnamon Sugar	3		7	1
756	2023-05-03 11:14:34.475644+02	671	Boston Cream	3		7	1
757	2023-05-03 11:14:34.476931+02	670	Glazed	3		7	1
758	2023-05-03 11:14:34.478226+02	669	Boston Cream	3		7	1
759	2023-05-03 11:14:34.479501+02	668	Blueberry Cake	3		7	1
760	2023-05-03 11:14:34.480783+02	667	Tiramisu	3		7	1
761	2023-05-03 11:14:34.481895+02	666	Tiramisu	3		7	1
762	2023-05-03 11:14:34.483005+02	665	Salted Caramel	3		7	1
763	2023-05-03 11:14:34.484263+02	664	Matcha Green Tea	3		7	1
764	2023-05-03 11:14:34.485412+02	663	Maple Bacon	3		7	1
765	2023-05-03 11:14:34.48639+02	662	Glazed	3		7	1
766	2023-05-03 11:14:34.487328+02	661	Maple Bacon	3		7	1
767	2023-05-03 11:14:34.489004+02	660	Strawberry Shortcake	3		7	1
768	2023-05-03 11:14:34.490029+02	659	Glazed	3		7	1
769	2023-05-03 11:14:34.490925+02	658	Maple Bacon	3		7	1
770	2023-05-03 11:14:34.492176+02	657	Apple Fritter	3		7	1
771	2023-05-03 11:14:34.493136+02	656	Pistachio Honey	3		7	1
772	2023-05-03 11:14:34.494203+02	655	Raspberry Jelly	3		7	1
773	2023-05-03 11:14:34.4955+02	654	Strawberry Shortcake	3		7	1
774	2023-05-03 11:14:34.49668+02	653	Red Velvet	3		7	1
775	2023-05-03 11:14:34.497977+02	652	Raspberry Jelly	3		7	1
776	2023-05-03 11:14:34.499285+02	651	Tiramisu	3		7	1
777	2023-05-03 11:14:34.500488+02	650	Maple Bacon	3		7	1
778	2023-05-03 11:14:34.501354+02	649	Glazed	3		7	1
779	2023-05-03 11:14:34.502393+02	648	Vanilla Bean	3		7	1
780	2023-05-03 11:14:34.503709+02	647	Salted Caramel	3		7	1
781	2023-05-03 11:14:34.505039+02	646	Chocolate Chip	3		7	1
782	2023-05-03 11:14:34.50602+02	645	Matcha Green Tea	3		7	1
783	2023-05-03 11:14:34.507323+02	644	Maple Bacon	3		7	1
784	2023-05-03 11:14:34.508515+02	643	Cinnamon Sugar	3		7	1
785	2023-05-03 11:14:34.509788+02	642	Vanilla Bean	3		7	1
786	2023-05-03 11:14:34.511023+02	641	Chocolate Sprinkles	3		7	1
787	2023-05-03 11:14:34.512284+02	640	Oreo	3		7	1
788	2023-05-03 11:14:34.513551+02	639	Raspberry Jelly	3		7	1
789	2023-05-03 11:14:34.51479+02	638	Apple Fritter	3		7	1
790	2023-05-03 11:14:34.516214+02	637	Raspberry Jelly	3		7	1
791	2023-05-03 11:14:34.517269+02	636	Matcha Green Tea	3		7	1
792	2023-05-03 11:14:34.518682+02	635	Raspberry Jelly	3		7	1
793	2023-05-03 11:14:34.519456+02	634	Pumpkin Spice	3		7	1
794	2023-05-03 11:14:34.520131+02	633	Cinnamon Sugar	3		7	1
795	2023-05-03 11:14:34.521294+02	632	Cinnamon Sugar	3		7	1
796	2023-05-03 11:14:34.522284+02	631	S'mores	3		7	1
797	2023-05-03 11:14:34.52322+02	630	Salted Caramel	3		7	1
798	2023-05-03 11:14:34.524431+02	629	Pistachio Honey	3		7	1
799	2023-05-03 11:14:34.525658+02	628	Blueberry Cake	3		7	1
800	2023-05-03 11:14:34.527333+02	627	Strawberry Shortcake	3		7	1
801	2023-05-03 11:14:34.528321+02	626	Red Velvet	3		7	1
802	2023-05-03 11:14:34.529557+02	625	Boston Cream	3		7	1
803	2023-05-03 11:14:34.530614+02	624	Pumpkin Spice	3		7	1
804	2023-05-03 11:14:34.53155+02	623	Matcha Green Tea	3		7	1
805	2023-05-03 11:14:34.53262+02	622	Raspberry Jelly	3		7	1
806	2023-05-03 11:14:34.533607+02	621	Lemon Zest	3		7	1
807	2023-05-03 11:14:34.534897+02	620	Lemon Zest	3		7	1
808	2023-05-03 11:14:34.535853+02	619	Lemon Zest	3		7	1
809	2023-05-03 11:14:34.53668+02	618	Apple Fritter	3		7	1
810	2023-05-03 11:14:34.537445+02	617	Red Velvet	3		7	1
811	2023-05-03 11:14:34.538371+02	616	Chocolate Sprinkles	3		7	1
812	2023-05-03 11:14:34.539314+02	615	Chocolate Chip	3		7	1
813	2023-05-03 11:14:34.539969+02	614	Apple Fritter	3		7	1
814	2023-05-03 11:30:31.467072+02	1013	Boston Cream	3		7	1
815	2023-05-03 11:30:31.469979+02	1012	Chocolate Sprinkles	3		7	1
816	2023-05-03 11:30:31.470973+02	1011	Cinnamon Sugar	3		7	1
817	2023-05-03 11:30:31.471899+02	1010	S'mores	3		7	1
818	2023-05-03 11:30:31.473074+02	1009	Oreo	3		7	1
819	2023-05-03 11:30:31.474186+02	1008	Pumpkin Spice	3		7	1
820	2023-05-03 11:30:31.47541+02	1007	Chocolate Chip	3		7	1
821	2023-05-03 11:30:31.476558+02	1006	Boston Cream	3		7	1
822	2023-05-03 11:30:31.477559+02	1005	Chocolate Chip	3		7	1
823	2023-05-03 11:30:31.478702+02	1004	Chocolate Chip	3		7	1
824	2023-05-03 11:30:31.479731+02	1003	Matcha Green Tea	3		7	1
825	2023-05-03 11:30:31.480608+02	1002	Pumpkin Spice	3		7	1
826	2023-05-03 11:30:31.482066+02	1001	Red Velvet	3		7	1
827	2023-05-03 11:30:31.483751+02	1000	Glazed	3		7	1
828	2023-05-03 11:30:31.484752+02	999	Strawberry Shortcake	3		7	1
829	2023-05-03 11:30:31.486063+02	998	Raspberry Jelly	3		7	1
830	2023-05-03 11:30:31.487764+02	997	Maple Bacon	3		7	1
831	2023-05-03 11:30:31.488871+02	996	Cinnamon Sugar	3		7	1
832	2023-05-03 11:30:31.490077+02	995	Tiramisu	3		7	1
833	2023-05-03 11:30:31.491305+02	994	Raspberry Jelly	3		7	1
834	2023-05-03 11:30:31.492343+02	993	Maple Bacon	3		7	1
835	2023-05-03 11:30:31.493282+02	992	Oreo	3		7	1
836	2023-05-03 11:30:31.494088+02	991	Chocolate Chip	3		7	1
837	2023-05-03 11:30:31.494863+02	990	Cinnamon Sugar	3		7	1
838	2023-05-03 11:30:31.495802+02	989	Glazed	3		7	1
839	2023-05-03 11:30:31.496887+02	988	Apple Fritter	3		7	1
840	2023-05-03 11:30:31.497937+02	987	Maple Bacon	3		7	1
841	2023-05-03 11:30:31.499175+02	986	Red Velvet	3		7	1
842	2023-05-03 11:30:31.500261+02	985	Vanilla Bean	3		7	1
843	2023-05-03 11:30:31.501386+02	984	Oreo	3		7	1
844	2023-05-03 11:30:31.502441+02	983	Matcha Green Tea	3		7	1
845	2023-05-03 11:30:31.503692+02	982	Apple Fritter	3		7	1
846	2023-05-03 11:30:31.505303+02	981	Chocolate Chip	3		7	1
847	2023-05-03 11:30:31.506629+02	980	Maple Bacon	3		7	1
848	2023-05-03 11:30:31.507936+02	979	Lemon Zest	3		7	1
849	2023-05-03 11:30:31.509242+02	978	Matcha Green Tea	3		7	1
850	2023-05-03 11:30:31.510237+02	977	Oreo	3		7	1
851	2023-05-03 11:30:31.511036+02	976	Lemon Zest	3		7	1
852	2023-05-03 11:30:31.511836+02	975	Red Velvet	3		7	1
853	2023-05-03 11:30:31.512835+02	974	Boston Cream	3		7	1
854	2023-05-03 11:30:31.514089+02	973	Raspberry Jelly	3		7	1
855	2023-05-03 11:30:31.515582+02	972	Boston Cream	3		7	1
856	2023-05-03 11:30:31.5168+02	971	Chocolate Chip	3		7	1
857	2023-05-03 11:30:31.518283+02	970	Glazed	3		7	1
858	2023-05-03 11:30:31.519491+02	969	Boston Cream	3		7	1
859	2023-05-03 11:30:31.520672+02	968	Oreo	3		7	1
860	2023-05-03 11:30:31.521844+02	967	Vanilla Bean	3		7	1
861	2023-05-03 11:30:31.523033+02	966	Lemon Zest	3		7	1
862	2023-05-03 11:30:31.524126+02	965	Pumpkin Spice	3		7	1
863	2023-05-03 11:30:31.525567+02	964	Tiramisu	3		7	1
864	2023-05-03 11:30:31.526677+02	963	S'mores	3		7	1
865	2023-05-03 11:30:31.527805+02	962	Strawberry Shortcake	3		7	1
866	2023-05-03 11:30:31.52887+02	961	Chocolate Chip	3		7	1
867	2023-05-03 11:30:31.530481+02	960	Vanilla Bean	3		7	1
868	2023-05-03 11:30:31.531919+02	959	Vanilla Bean	3		7	1
869	2023-05-03 11:30:31.532942+02	958	Chocolate Sprinkles	3		7	1
870	2023-05-03 11:30:31.533956+02	957	Tiramisu	3		7	1
871	2023-05-03 11:30:31.535326+02	956	Boston Cream	3		7	1
872	2023-05-03 11:30:31.536543+02	955	Pumpkin Spice	3		7	1
873	2023-05-03 11:30:31.537429+02	954	S'mores	3		7	1
874	2023-05-03 11:30:31.5383+02	953	Cinnamon Sugar	3		7	1
875	2023-05-03 11:30:31.539544+02	952	Pumpkin Spice	3		7	1
876	2023-05-03 11:30:31.540918+02	951	Salted Caramel	3		7	1
877	2023-05-03 11:30:31.542121+02	950	Vanilla Bean	3		7	1
878	2023-05-03 11:30:31.543404+02	949	Boston Cream	3		7	1
879	2023-05-03 11:30:31.544553+02	948	Apple Fritter	3		7	1
880	2023-05-03 11:30:31.545376+02	947	Chocolate Chip	3		7	1
881	2023-05-03 11:30:31.546501+02	946	Maple Bacon	3		7	1
882	2023-05-03 11:30:31.547226+02	945	Glazed	3		7	1
883	2023-05-03 11:30:31.547919+02	944	Apple Fritter	3		7	1
884	2023-05-03 11:30:31.548646+02	943	Matcha Green Tea	3		7	1
885	2023-05-03 11:30:31.549297+02	942	S'mores	3		7	1
886	2023-05-03 11:30:31.549968+02	941	Red Velvet	3		7	1
887	2023-05-03 11:30:31.550867+02	940	Chocolate Chip	3		7	1
888	2023-05-03 11:30:31.551666+02	939	Raspberry Jelly	3		7	1
889	2023-05-03 11:30:31.55246+02	938	Chocolate Chip	3		7	1
890	2023-05-03 11:30:31.553188+02	937	Chocolate Sprinkles	3		7	1
891	2023-05-03 11:30:31.553886+02	936	Strawberry Shortcake	3		7	1
892	2023-05-03 11:30:31.55453+02	935	Salted Caramel	3		7	1
893	2023-05-03 11:30:31.555375+02	934	Strawberry Shortcake	3		7	1
894	2023-05-03 11:30:31.55657+02	933	S'mores	3		7	1
895	2023-05-03 11:30:31.55769+02	932	Red Velvet	3		7	1
896	2023-05-03 11:30:31.55863+02	931	Boston Cream	3		7	1
897	2023-05-03 11:30:31.559778+02	930	Red Velvet	3		7	1
898	2023-05-03 11:30:31.56059+02	929	Salted Caramel	3		7	1
899	2023-05-03 11:30:31.561316+02	928	Red Velvet	3		7	1
900	2023-05-03 11:30:31.562064+02	927	Tiramisu	3		7	1
901	2023-05-03 11:30:31.562778+02	926	Matcha Green Tea	3		7	1
902	2023-05-03 11:30:31.563464+02	925	Oreo	3		7	1
903	2023-05-03 11:30:31.564312+02	924	Chocolate Sprinkles	3		7	1
904	2023-05-03 11:30:31.565539+02	923	S'mores	3		7	1
905	2023-05-03 11:30:31.566965+02	922	Blueberry Cake	3		7	1
906	2023-05-03 11:30:31.568337+02	921	Chocolate Sprinkles	3		7	1
907	2023-05-03 11:30:31.569558+02	920	Matcha Green Tea	3		7	1
908	2023-05-03 11:30:31.570663+02	919	Apple Fritter	3		7	1
909	2023-05-03 11:30:31.571925+02	918	Maple Bacon	3		7	1
910	2023-05-03 11:30:31.572721+02	917	Blueberry Cake	3		7	1
911	2023-05-03 11:30:31.573482+02	916	Vanilla Bean	3		7	1
912	2023-05-03 11:30:31.574665+02	915	Raspberry Jelly	3		7	1
913	2023-05-03 11:30:31.57602+02	914	Apple Fritter	3		7	1
914	2023-05-03 11:30:39.940254+02	913	Tiramisu	3		7	1
915	2023-05-03 11:30:39.943417+02	912	Boston Cream	3		7	1
916	2023-05-03 11:30:39.944779+02	911	Oreo	3		7	1
917	2023-05-03 11:30:39.946326+02	910	Pistachio Honey	3		7	1
918	2023-05-03 11:30:39.947444+02	909	Boston Cream	3		7	1
919	2023-05-03 11:30:39.949523+02	908	Pumpkin Spice	3		7	1
920	2023-05-03 11:30:39.950832+02	907	Glazed	3		7	1
921	2023-05-03 11:30:39.951918+02	906	Matcha Green Tea	3		7	1
922	2023-05-03 11:30:39.953267+02	905	Red Velvet	3		7	1
923	2023-05-03 11:30:39.954647+02	904	Lemon Zest	3		7	1
924	2023-05-03 11:30:39.955677+02	903	Apple Fritter	3		7	1
925	2023-05-03 11:30:39.956841+02	902	Cinnamon Sugar	3		7	1
926	2023-05-03 11:30:39.957711+02	901	Raspberry Jelly	3		7	1
927	2023-05-03 11:30:39.958678+02	900	Apple Fritter	3		7	1
928	2023-05-03 11:30:39.959959+02	899	Oreo	3		7	1
929	2023-05-03 11:30:39.961066+02	898	Pumpkin Spice	3		7	1
930	2023-05-03 11:30:39.962064+02	897	Strawberry Shortcake	3		7	1
931	2023-05-03 11:30:39.963547+02	896	Tiramisu	3		7	1
932	2023-05-03 11:30:39.964989+02	895	Chocolate Sprinkles	3		7	1
933	2023-05-03 11:30:39.965771+02	894	Glazed	3		7	1
934	2023-05-03 11:30:39.966625+02	893	Salted Caramel	3		7	1
935	2023-05-03 11:30:39.967386+02	892	Blueberry Cake	3		7	1
936	2023-05-03 11:30:39.96817+02	891	Matcha Green Tea	3		7	1
937	2023-05-03 11:30:39.968874+02	890	Blueberry Cake	3		7	1
938	2023-05-03 11:30:39.969541+02	889	Matcha Green Tea	3		7	1
939	2023-05-03 11:30:39.970199+02	888	Maple Bacon	3		7	1
940	2023-05-03 11:30:39.970859+02	887	Apple Fritter	3		7	1
941	2023-05-03 11:30:39.971538+02	886	Boston Cream	3		7	1
942	2023-05-03 11:30:39.972196+02	885	Pistachio Honey	3		7	1
943	2023-05-03 11:30:39.972787+02	884	Chocolate Chip	3		7	1
944	2023-05-03 11:30:39.97347+02	883	Salted Caramel	3		7	1
945	2023-05-03 11:30:39.974448+02	882	Raspberry Jelly	3		7	1
946	2023-05-03 11:30:39.975553+02	881	Vanilla Bean	3		7	1
947	2023-05-03 11:30:39.976501+02	880	Red Velvet	3		7	1
948	2023-05-03 11:30:39.978635+02	879	Blueberry Cake	3		7	1
949	2023-05-03 11:30:39.980291+02	878	Blueberry Cake	3		7	1
950	2023-05-03 11:30:39.981213+02	877	Glazed	3		7	1
951	2023-05-03 11:30:39.982349+02	876	Strawberry Shortcake	3		7	1
952	2023-05-03 11:30:39.983319+02	875	Pumpkin Spice	3		7	1
953	2023-05-03 11:30:39.984567+02	874	Boston Cream	3		7	1
954	2023-05-03 11:30:39.985747+02	873	Glazed	3		7	1
955	2023-05-03 11:30:39.986996+02	872	Chocolate Sprinkles	3		7	1
956	2023-05-03 11:30:39.988158+02	871	Red Velvet	3		7	1
957	2023-05-03 11:30:39.989326+02	870	Blueberry Cake	3		7	1
958	2023-05-03 11:30:39.990502+02	869	Maple Bacon	3		7	1
959	2023-05-03 11:30:39.991759+02	868	Red Velvet	3		7	1
960	2023-05-03 11:30:39.992878+02	867	Lemon Zest	3		7	1
961	2023-05-03 11:30:39.993844+02	866	Glazed	3		7	1
962	2023-05-03 11:30:39.994947+02	865	S'mores	3		7	1
963	2023-05-03 11:30:39.996126+02	864	Glazed	3		7	1
964	2023-05-03 11:30:39.997087+02	863	Chocolate Sprinkles	3		7	1
965	2023-05-03 11:30:39.998316+02	862	Raspberry Jelly	3		7	1
966	2023-05-03 11:30:39.999162+02	861	S'mores	3		7	1
967	2023-05-03 11:30:40.000158+02	860	Red Velvet	3		7	1
968	2023-05-03 11:30:40.001418+02	859	Oreo	3		7	1
969	2023-05-03 11:30:40.002803+02	858	Apple Fritter	3		7	1
970	2023-05-03 11:30:40.004118+02	857	Oreo	3		7	1
971	2023-05-03 11:30:40.005414+02	856	Strawberry Shortcake	3		7	1
972	2023-05-03 11:30:40.007123+02	855	Vanilla Bean	3		7	1
973	2023-05-03 11:30:40.008447+02	854	Matcha Green Tea	3		7	1
974	2023-05-03 11:30:40.009889+02	853	Maple Bacon	3		7	1
975	2023-05-03 11:30:40.011009+02	852	Boston Cream	3		7	1
976	2023-05-03 11:30:40.011987+02	851	Lemon Zest	3		7	1
977	2023-05-03 11:30:40.013162+02	850	Apple Fritter	3		7	1
978	2023-05-03 11:30:40.014595+02	849	Maple Bacon	3		7	1
979	2023-05-03 11:30:40.016655+02	848	Tiramisu	3		7	1
980	2023-05-03 11:30:40.01771+02	847	Pumpkin Spice	3		7	1
981	2023-05-03 11:30:40.018664+02	846	Pistachio Honey	3		7	1
982	2023-05-03 11:30:40.019885+02	845	Cinnamon Sugar	3		7	1
983	2023-05-03 11:30:40.021317+02	844	Tiramisu	3		7	1
984	2023-05-03 11:30:40.022399+02	843	Salted Caramel	3		7	1
985	2023-05-03 11:30:40.023604+02	842	Pistachio Honey	3		7	1
986	2023-05-03 11:30:40.024844+02	841	Cinnamon Sugar	3		7	1
987	2023-05-03 11:30:40.026209+02	840	Chocolate Chip	3		7	1
988	2023-05-03 11:30:40.027639+02	839	Apple Fritter	3		7	1
989	2023-05-03 11:30:40.029071+02	838	Red Velvet	3		7	1
990	2023-05-03 11:30:40.032134+02	837	Red Velvet	3		7	1
991	2023-05-03 11:30:40.033129+02	836	Salted Caramel	3		7	1
992	2023-05-03 11:30:40.033857+02	835	Cinnamon Sugar	3		7	1
993	2023-05-03 11:30:40.034717+02	834	Boston Cream	3		7	1
994	2023-05-03 11:30:40.035722+02	833	Cinnamon Sugar	3		7	1
995	2023-05-03 11:30:40.03672+02	832	Chocolate Sprinkles	3		7	1
996	2023-05-03 11:30:40.037985+02	831	Matcha Green Tea	3		7	1
997	2023-05-03 11:30:40.038975+02	830	Oreo	3		7	1
998	2023-05-03 11:30:40.040142+02	829	Oreo	3		7	1
999	2023-05-03 11:30:40.041106+02	828	Pumpkin Spice	3		7	1
1000	2023-05-03 11:30:40.042303+02	827	Vanilla Bean	3		7	1
1001	2023-05-03 11:30:40.043795+02	826	Cinnamon Sugar	3		7	1
1002	2023-05-03 11:30:40.044811+02	825	Chocolate Chip	3		7	1
1003	2023-05-03 11:30:40.046168+02	824	Boston Cream	3		7	1
1004	2023-05-03 11:30:40.047146+02	823	Oreo	3		7	1
1005	2023-05-03 11:30:40.048147+02	822	Pistachio Honey	3		7	1
1006	2023-05-03 11:30:40.048865+02	821	Apple Fritter	3		7	1
1007	2023-05-03 11:30:40.050035+02	820	Strawberry Shortcake	3		7	1
1008	2023-05-03 11:30:40.051237+02	819	Apple Fritter	3		7	1
1009	2023-05-03 11:30:40.052291+02	818	Chocolate Sprinkles	3		7	1
1010	2023-05-03 11:30:40.053351+02	817	Pistachio Honey	3		7	1
1011	2023-05-03 11:30:40.054369+02	816	Blueberry Cake	3		7	1
1012	2023-05-03 11:30:40.05538+02	815	Raspberry Jelly	3		7	1
1013	2023-05-03 11:30:40.056392+02	814	Red Velvet	3		7	1
1014	2023-05-03 11:33:08.737047+02	1213	S'mores	3		7	1
1015	2023-05-03 11:33:08.739917+02	1212	Chocolate Sprinkles	3		7	1
1016	2023-05-03 11:33:08.740924+02	1211	Matcha Green Tea	3		7	1
1017	2023-05-03 11:33:08.741758+02	1210	Lemon Zest	3		7	1
1018	2023-05-03 11:33:08.742914+02	1209	Blueberry Cake	3		7	1
1019	2023-05-03 11:33:08.744384+02	1208	Apple Fritter	3		7	1
1020	2023-05-03 11:33:08.745503+02	1207	Matcha Green Tea	3		7	1
1021	2023-05-03 11:33:08.746764+02	1206	Cinnamon Sugar	3		7	1
1022	2023-05-03 11:33:08.748042+02	1205	Salted Caramel	3		7	1
1023	2023-05-03 11:33:08.749354+02	1204	Matcha Green Tea	3		7	1
1024	2023-05-03 11:33:08.750571+02	1203	Glazed	3		7	1
1025	2023-05-03 11:33:08.751654+02	1202	Chocolate Chip	3		7	1
1026	2023-05-03 11:33:08.752655+02	1201	Chocolate Chip	3		7	1
1027	2023-05-03 11:33:08.753602+02	1200	Red Velvet	3		7	1
1028	2023-05-03 11:33:08.755198+02	1199	Lemon Zest	3		7	1
1029	2023-05-03 11:33:08.756568+02	1198	Chocolate Chip	3		7	1
1030	2023-05-03 11:33:08.757598+02	1197	Chocolate Sprinkles	3		7	1
1031	2023-05-03 11:33:08.758714+02	1196	Cinnamon Sugar	3		7	1
1032	2023-05-03 11:33:08.759897+02	1195	Cinnamon Sugar	3		7	1
1033	2023-05-03 11:33:08.761157+02	1194	Strawberry Shortcake	3		7	1
1034	2023-05-03 11:33:08.762506+02	1193	Strawberry Shortcake	3		7	1
1035	2023-05-03 11:33:08.763697+02	1192	Lemon Zest	3		7	1
1036	2023-05-03 11:33:08.764428+02	1191	Salted Caramel	3		7	1
1037	2023-05-03 11:33:08.765089+02	1190	Raspberry Jelly	3		7	1
1038	2023-05-03 11:33:08.765805+02	1189	Pumpkin Spice	3		7	1
1039	2023-05-03 11:33:08.766838+02	1188	Maple Bacon	3		7	1
1040	2023-05-03 11:33:08.767581+02	1187	Chocolate Chip	3		7	1
1041	2023-05-03 11:33:08.768564+02	1186	Matcha Green Tea	3		7	1
1042	2023-05-03 11:33:08.769805+02	1185	Matcha Green Tea	3		7	1
1043	2023-05-03 11:33:08.771043+02	1184	Vanilla Bean	3		7	1
1044	2023-05-03 11:33:08.771987+02	1183	Pumpkin Spice	3		7	1
1045	2023-05-03 11:33:08.773097+02	1182	Cinnamon Sugar	3		7	1
1046	2023-05-03 11:33:08.774033+02	1181	S'mores	3		7	1
1047	2023-05-03 11:33:08.775352+02	1180	Glazed	3		7	1
1048	2023-05-03 11:33:08.776705+02	1179	Boston Cream	3		7	1
1049	2023-05-03 11:33:08.777793+02	1178	Chocolate Chip	3		7	1
1050	2023-05-03 11:33:08.778934+02	1177	Raspberry Jelly	3		7	1
1051	2023-05-03 11:33:08.780271+02	1176	Strawberry Shortcake	3		7	1
1052	2023-05-03 11:33:08.781014+02	1175	Raspberry Jelly	3		7	1
1053	2023-05-03 11:33:08.781689+02	1174	Maple Bacon	3		7	1
1054	2023-05-03 11:33:08.782364+02	1173	Vanilla Bean	3		7	1
1055	2023-05-03 11:33:08.783248+02	1172	Apple Fritter	3		7	1
1056	2023-05-03 11:33:08.78418+02	1171	Pumpkin Spice	3		7	1
1057	2023-05-03 11:33:08.785246+02	1170	Boston Cream	3		7	1
1058	2023-05-03 11:33:08.786477+02	1169	Red Velvet	3		7	1
1059	2023-05-03 11:33:08.787764+02	1168	Maple Bacon	3		7	1
1060	2023-05-03 11:33:08.788871+02	1167	Red Velvet	3		7	1
1061	2023-05-03 11:33:08.789925+02	1166	Oreo	3		7	1
1062	2023-05-03 11:33:08.790958+02	1165	Chocolate Sprinkles	3		7	1
1063	2023-05-03 11:33:08.791976+02	1164	Blueberry Cake	3		7	1
1064	2023-05-03 11:33:08.793318+02	1163	Glazed	3		7	1
1065	2023-05-03 11:33:08.794243+02	1162	Matcha Green Tea	3		7	1
1066	2023-05-03 11:33:08.795081+02	1161	Boston Cream	3		7	1
1067	2023-05-03 11:33:08.796365+02	1160	Oreo	3		7	1
1068	2023-05-03 11:33:08.797557+02	1159	Salted Caramel	3		7	1
1069	2023-05-03 11:33:08.798641+02	1158	Strawberry Shortcake	3		7	1
1070	2023-05-03 11:33:08.79953+02	1157	Apple Fritter	3		7	1
1071	2023-05-03 11:33:08.800182+02	1156	Boston Cream	3		7	1
1072	2023-05-03 11:33:08.801342+02	1155	Red Velvet	3		7	1
1073	2023-05-03 11:33:08.802313+02	1154	Pistachio Honey	3		7	1
1827	2023-05-04 14:31:27.198076+02	9	Order #9	3		8	1
1074	2023-05-03 11:33:08.803104+02	1153	Raspberry Jelly	3		7	1
1075	2023-05-03 11:33:08.804066+02	1152	Chocolate Sprinkles	3		7	1
1076	2023-05-03 11:33:08.804965+02	1151	Pumpkin Spice	3		7	1
1077	2023-05-03 11:33:08.806162+02	1150	Salted Caramel	3		7	1
1078	2023-05-03 11:33:08.807458+02	1149	Oreo	3		7	1
1079	2023-05-03 11:33:08.808693+02	1148	Strawberry Shortcake	3		7	1
1080	2023-05-03 11:33:08.809879+02	1147	Red Velvet	3		7	1
1081	2023-05-03 11:33:08.811249+02	1146	Apple Fritter	3		7	1
1082	2023-05-03 11:33:08.812918+02	1145	Chocolate Chip	3		7	1
1083	2023-05-03 11:33:08.814346+02	1144	Red Velvet	3		7	1
1084	2023-05-03 11:33:08.815494+02	1143	Chocolate Sprinkles	3		7	1
1085	2023-05-03 11:33:08.816742+02	1142	Lemon Zest	3		7	1
1086	2023-05-03 11:33:08.817951+02	1141	Strawberry Shortcake	3		7	1
1087	2023-05-03 11:33:08.81915+02	1140	Maple Bacon	3		7	1
1088	2023-05-03 11:33:08.820375+02	1139	Red Velvet	3		7	1
1089	2023-05-03 11:33:08.821327+02	1138	Oreo	3		7	1
1090	2023-05-03 11:33:08.822302+02	1137	Vanilla Bean	3		7	1
1091	2023-05-03 11:33:08.823387+02	1136	Lemon Zest	3		7	1
1092	2023-05-03 11:33:08.824901+02	1135	Oreo	3		7	1
1093	2023-05-03 11:33:08.826263+02	1134	Vanilla Bean	3		7	1
1094	2023-05-03 11:33:08.827364+02	1133	Vanilla Bean	3		7	1
1095	2023-05-03 11:33:08.828301+02	1132	Chocolate Sprinkles	3		7	1
1096	2023-05-03 11:33:08.829593+02	1131	Chocolate Chip	3		7	1
1097	2023-05-03 11:33:08.83036+02	1130	Glazed	3		7	1
1098	2023-05-03 11:33:08.831033+02	1129	S'mores	3		7	1
1099	2023-05-03 11:33:08.831732+02	1128	Strawberry Shortcake	3		7	1
1100	2023-05-03 11:33:08.832477+02	1127	Maple Bacon	3		7	1
1101	2023-05-03 11:33:08.833353+02	1126	Chocolate Chip	3		7	1
1102	2023-05-03 11:33:08.83481+02	1125	Glazed	3		7	1
1103	2023-05-03 11:33:08.836116+02	1124	Glazed	3		7	1
1104	2023-05-03 11:33:08.837406+02	1123	Strawberry Shortcake	3		7	1
1105	2023-05-03 11:33:08.838524+02	1122	Apple Fritter	3		7	1
1106	2023-05-03 11:33:08.839661+02	1121	Blueberry Cake	3		7	1
1107	2023-05-03 11:33:08.840675+02	1120	Lemon Zest	3		7	1
1108	2023-05-03 11:33:08.841908+02	1119	Strawberry Shortcake	3		7	1
1109	2023-05-03 11:33:08.84283+02	1118	Maple Bacon	3		7	1
1110	2023-05-03 11:33:08.843766+02	1117	Salted Caramel	3		7	1
1111	2023-05-03 11:33:08.844815+02	1116	Boston Cream	3		7	1
1112	2023-05-03 11:33:08.845962+02	1115	Pumpkin Spice	3		7	1
1113	2023-05-03 11:33:08.847208+02	1114	S'mores	3		7	1
1114	2023-05-03 11:33:14.341117+02	1113	Lemon Zest	3		7	1
1115	2023-05-03 11:33:14.344532+02	1112	Vanilla Bean	3		7	1
1116	2023-05-03 11:33:14.345927+02	1111	Strawberry Shortcake	3		7	1
1117	2023-05-03 11:33:14.347224+02	1110	Maple Bacon	3		7	1
1118	2023-05-03 11:33:14.348573+02	1109	Salted Caramel	3		7	1
1119	2023-05-03 11:33:14.349876+02	1108	Boston Cream	3		7	1
1120	2023-05-03 11:33:14.351583+02	1107	Lemon Zest	3		7	1
1121	2023-05-03 11:33:14.352746+02	1106	Blueberry Cake	3		7	1
1122	2023-05-03 11:33:14.3538+02	1105	Boston Cream	3		7	1
1123	2023-05-03 11:33:14.355165+02	1104	Pistachio Honey	3		7	1
1124	2023-05-03 11:33:14.357075+02	1103	Maple Bacon	3		7	1
1125	2023-05-03 11:33:14.358111+02	1102	Oreo	3		7	1
1126	2023-05-03 11:33:14.358968+02	1101	Pumpkin Spice	3		7	1
1127	2023-05-03 11:33:14.359893+02	1100	Tiramisu	3		7	1
1128	2023-05-03 11:33:14.361056+02	1099	Strawberry Shortcake	3		7	1
1129	2023-05-03 11:33:14.362141+02	1098	Vanilla Bean	3		7	1
1130	2023-05-03 11:33:14.363383+02	1097	Chocolate Chip	3		7	1
1131	2023-05-03 11:33:14.364756+02	1096	Salted Caramel	3		7	1
1132	2023-05-03 11:33:14.365541+02	1095	Strawberry Shortcake	3		7	1
1133	2023-05-03 11:33:14.366204+02	1094	Matcha Green Tea	3		7	1
1134	2023-05-03 11:33:14.366953+02	1093	Apple Fritter	3		7	1
1135	2023-05-03 11:33:14.367701+02	1092	Strawberry Shortcake	3		7	1
1136	2023-05-03 11:33:14.368523+02	1091	Apple Fritter	3		7	1
1137	2023-05-03 11:33:14.369488+02	1090	Glazed	3		7	1
1138	2023-05-03 11:33:14.37023+02	1089	Maple Bacon	3		7	1
1139	2023-05-03 11:33:14.370897+02	1088	Raspberry Jelly	3		7	1
1140	2023-05-03 11:33:14.371591+02	1087	Apple Fritter	3		7	1
1141	2023-05-03 11:33:14.372697+02	1086	Matcha Green Tea	3		7	1
1142	2023-05-03 11:33:14.373751+02	1085	Apple Fritter	3		7	1
1143	2023-05-03 11:33:14.374988+02	1084	Chocolate Chip	3		7	1
1144	2023-05-03 11:33:14.376101+02	1083	Apple Fritter	3		7	1
1145	2023-05-03 11:33:14.377296+02	1082	Maple Bacon	3		7	1
1146	2023-05-03 11:33:14.378893+02	1081	Tiramisu	3		7	1
1147	2023-05-03 11:33:14.379926+02	1080	Raspberry Jelly	3		7	1
1148	2023-05-03 11:33:14.382182+02	1079	Boston Cream	3		7	1
1149	2023-05-03 11:33:14.383463+02	1078	Cinnamon Sugar	3		7	1
1150	2023-05-03 11:33:14.384623+02	1077	Raspberry Jelly	3		7	1
1151	2023-05-03 11:33:14.385663+02	1076	Salted Caramel	3		7	1
1152	2023-05-03 11:33:14.386476+02	1075	Red Velvet	3		7	1
1153	2023-05-03 11:33:14.387285+02	1074	Blueberry Cake	3		7	1
1154	2023-05-03 11:33:14.388056+02	1073	Salted Caramel	3		7	1
1155	2023-05-03 11:33:14.388788+02	1072	S'mores	3		7	1
1156	2023-05-03 11:33:14.389468+02	1071	Salted Caramel	3		7	1
1157	2023-05-03 11:33:14.390157+02	1070	Red Velvet	3		7	1
1158	2023-05-03 11:33:14.390825+02	1069	Strawberry Shortcake	3		7	1
1159	2023-05-03 11:33:14.39165+02	1068	Pistachio Honey	3		7	1
1160	2023-05-03 11:33:14.392376+02	1067	Blueberry Cake	3		7	1
1161	2023-05-03 11:33:14.393176+02	1066	Vanilla Bean	3		7	1
1162	2023-05-03 11:33:14.394037+02	1065	Strawberry Shortcake	3		7	1
1163	2023-05-03 11:33:14.395+02	1064	Chocolate Chip	3		7	1
1164	2023-05-03 11:33:14.395786+02	1063	Strawberry Shortcake	3		7	1
1165	2023-05-03 11:33:14.396671+02	1062	Strawberry Shortcake	3		7	1
1166	2023-05-03 11:33:14.3982+02	1061	Vanilla Bean	3		7	1
1167	2023-05-03 11:33:14.399104+02	1060	Cinnamon Sugar	3		7	1
1168	2023-05-03 11:33:14.399928+02	1059	S'mores	3		7	1
1169	2023-05-03 11:33:14.400824+02	1058	Chocolate Chip	3		7	1
1170	2023-05-03 11:33:14.401695+02	1057	Chocolate Sprinkles	3		7	1
1171	2023-05-03 11:33:14.402439+02	1056	Red Velvet	3		7	1
1172	2023-05-03 11:33:14.403151+02	1055	Matcha Green Tea	3		7	1
1173	2023-05-03 11:33:14.403922+02	1054	Chocolate Sprinkles	3		7	1
1174	2023-05-03 11:33:14.404753+02	1053	Lemon Zest	3		7	1
1175	2023-05-03 11:33:14.405504+02	1052	S'mores	3		7	1
1176	2023-05-03 11:33:14.40623+02	1051	Vanilla Bean	3		7	1
1177	2023-05-03 11:33:14.40696+02	1050	Raspberry Jelly	3		7	1
1178	2023-05-03 11:33:14.407774+02	1049	Matcha Green Tea	3		7	1
1179	2023-05-03 11:33:14.408618+02	1048	Matcha Green Tea	3		7	1
1180	2023-05-03 11:33:14.409445+02	1047	Apple Fritter	3		7	1
1181	2023-05-03 11:33:14.410299+02	1046	Chocolate Chip	3		7	1
1182	2023-05-03 11:33:14.411271+02	1045	Chocolate Chip	3		7	1
1183	2023-05-03 11:33:14.413212+02	1044	Oreo	3		7	1
1184	2023-05-03 11:33:14.414049+02	1043	Boston Cream	3		7	1
1185	2023-05-03 11:33:14.415035+02	1042	Glazed	3		7	1
1186	2023-05-03 11:33:14.415858+02	1041	Glazed	3		7	1
1187	2023-05-03 11:33:14.416654+02	1040	Glazed	3		7	1
1188	2023-05-03 11:33:14.41758+02	1039	Oreo	3		7	1
1189	2023-05-03 11:33:14.418729+02	1038	Apple Fritter	3		7	1
1190	2023-05-03 11:33:14.419705+02	1037	Tiramisu	3		7	1
1191	2023-05-03 11:33:14.421511+02	1036	Cinnamon Sugar	3		7	1
1192	2023-05-03 11:33:14.422744+02	1035	Oreo	3		7	1
1193	2023-05-03 11:33:14.424027+02	1034	Raspberry Jelly	3		7	1
1194	2023-05-03 11:33:14.424863+02	1033	Maple Bacon	3		7	1
1195	2023-05-03 11:33:14.425744+02	1032	Matcha Green Tea	3		7	1
1196	2023-05-03 11:33:14.426506+02	1031	Red Velvet	3		7	1
1197	2023-05-03 11:33:14.427549+02	1030	Matcha Green Tea	3		7	1
1198	2023-05-03 11:33:14.428845+02	1029	Maple Bacon	3		7	1
1199	2023-05-03 11:33:14.430069+02	1028	Red Velvet	3		7	1
1200	2023-05-03 11:33:14.431414+02	1027	Tiramisu	3		7	1
1201	2023-05-03 11:33:14.432463+02	1026	Oreo	3		7	1
1202	2023-05-03 11:33:14.433263+02	1025	Chocolate Chip	3		7	1
1203	2023-05-03 11:33:14.43403+02	1024	Chocolate Sprinkles	3		7	1
1204	2023-05-03 11:33:14.434848+02	1023	S'mores	3		7	1
1205	2023-05-03 11:33:14.43561+02	1022	Pumpkin Spice	3		7	1
1206	2023-05-03 11:33:14.436302+02	1021	Red Velvet	3		7	1
1207	2023-05-03 11:33:14.436945+02	1020	Raspberry Jelly	3		7	1
1208	2023-05-03 11:33:14.437803+02	1019	Blueberry Cake	3		7	1
1209	2023-05-03 11:33:14.438949+02	1018	Matcha Green Tea	3		7	1
1210	2023-05-03 11:33:14.439969+02	1017	Glazed	3		7	1
1211	2023-05-03 11:33:14.440794+02	1016	Red Velvet	3		7	1
1212	2023-05-03 11:33:14.441867+02	1015	Vanilla Bean	3		7	1
1213	2023-05-03 11:33:14.443005+02	1014	Salted Caramel	3		7	1
1214	2023-05-03 11:37:46.496236+02	1413	Matcha Green Tea	3		7	1
1215	2023-05-03 11:37:46.499569+02	1412	Blueberry Cake	3		7	1
1216	2023-05-03 11:37:46.501067+02	1411	Apple Fritter	3		7	1
1217	2023-05-03 11:37:46.502465+02	1410	Maple Bacon	3		7	1
1218	2023-05-03 11:37:46.503735+02	1409	Maple Bacon	3		7	1
1219	2023-05-03 11:37:46.504997+02	1408	Pumpkin Spice	3		7	1
1220	2023-05-03 11:37:46.506518+02	1407	Salted Caramel	3		7	1
1221	2023-05-03 11:37:46.507592+02	1406	Boston Cream	3		7	1
1222	2023-05-03 11:37:46.508735+02	1405	Maple Bacon	3		7	1
1223	2023-05-03 11:37:46.510158+02	1404	Glazed	3		7	1
1224	2023-05-03 11:37:46.511355+02	1403	Blueberry Cake	3		7	1
1225	2023-05-03 11:37:46.512596+02	1402	Salted Caramel	3		7	1
1226	2023-05-03 11:37:46.513663+02	1401	Oreo	3		7	1
1227	2023-05-03 11:37:46.514838+02	1400	Matcha Green Tea	3		7	1
1228	2023-05-03 11:37:46.516083+02	1399	Raspberry Jelly	3		7	1
1229	2023-05-03 11:37:46.517256+02	1398	Raspberry Jelly	3		7	1
1230	2023-05-03 11:37:46.518364+02	1397	Glazed	3		7	1
1231	2023-05-03 11:37:46.519326+02	1396	Pumpkin Spice	3		7	1
1232	2023-05-03 11:37:46.521103+02	1395	Lemon Zest	3		7	1
1233	2023-05-03 11:37:46.522513+02	1394	Glazed	3		7	1
1234	2023-05-03 11:37:46.523311+02	1393	Raspberry Jelly	3		7	1
1235	2023-05-03 11:37:46.524011+02	1392	Tiramisu	3		7	1
1236	2023-05-03 11:37:46.524746+02	1391	Chocolate Chip	3		7	1
1237	2023-05-03 11:37:46.525573+02	1390	S'mores	3		7	1
1238	2023-05-03 11:37:46.526455+02	1389	Raspberry Jelly	3		7	1
1239	2023-05-03 11:37:46.527743+02	1388	Pumpkin Spice	3		7	1
1240	2023-05-03 11:37:46.529004+02	1387	S'mores	3		7	1
1241	2023-05-03 11:37:46.530992+02	1386	S'mores	3		7	1
1242	2023-05-03 11:37:46.532314+02	1385	Tiramisu	3		7	1
1243	2023-05-03 11:37:46.533675+02	1384	Boston Cream	3		7	1
1244	2023-05-03 11:37:46.535158+02	1383	Glazed	3		7	1
1245	2023-05-03 11:37:46.536796+02	1382	Salted Caramel	3		7	1
1246	2023-05-03 11:37:46.538346+02	1381	Blueberry Cake	3		7	1
1247	2023-05-03 11:37:46.539162+02	1380	Strawberry Shortcake	3		7	1
1248	2023-05-03 11:37:46.540126+02	1379	Vanilla Bean	3		7	1
1249	2023-05-03 11:37:46.54136+02	1378	Apple Fritter	3		7	1
1250	2023-05-03 11:37:46.542614+02	1377	Maple Bacon	3		7	1
1251	2023-05-03 11:37:46.543966+02	1376	S'mores	3		7	1
1252	2023-05-03 11:37:46.544993+02	1375	Raspberry Jelly	3		7	1
1253	2023-05-03 11:37:46.546067+02	1374	Oreo	3		7	1
1254	2023-05-03 11:37:46.547299+02	1373	Strawberry Shortcake	3		7	1
1255	2023-05-03 11:37:46.548479+02	1372	Matcha Green Tea	3		7	1
1256	2023-05-03 11:37:46.549651+02	1371	Maple Bacon	3		7	1
1257	2023-05-03 11:37:46.550936+02	1370	Cinnamon Sugar	3		7	1
1258	2023-05-03 11:37:46.551923+02	1369	Maple Bacon	3		7	1
1259	2023-05-03 11:37:46.552936+02	1368	Blueberry Cake	3		7	1
1260	2023-05-03 11:37:46.554229+02	1367	Boston Cream	3		7	1
1261	2023-05-03 11:37:46.555761+02	1366	Raspberry Jelly	3		7	1
1262	2023-05-03 11:37:46.556528+02	1365	Tiramisu	3		7	1
1263	2023-05-03 11:37:46.557405+02	1364	Chocolate Chip	3		7	1
1264	2023-05-03 11:37:46.558219+02	1363	Apple Fritter	3		7	1
1265	2023-05-03 11:37:46.559161+02	1362	Boston Cream	3		7	1
1266	2023-05-03 11:37:46.560059+02	1361	Chocolate Sprinkles	3		7	1
1267	2023-05-03 11:37:46.561268+02	1360	Red Velvet	3		7	1
1268	2023-05-03 11:37:46.56262+02	1359	S'mores	3		7	1
1269	2023-05-03 11:37:46.56386+02	1358	Glazed	3		7	1
1270	2023-05-03 11:37:46.564787+02	1357	Chocolate Sprinkles	3		7	1
1271	2023-05-03 11:37:46.566155+02	1356	Oreo	3		7	1
1272	2023-05-03 11:37:46.56739+02	1355	Salted Caramel	3		7	1
1273	2023-05-03 11:37:46.568361+02	1354	Vanilla Bean	3		7	1
1274	2023-05-03 11:37:46.569344+02	1353	Glazed	3		7	1
1275	2023-05-03 11:37:46.57038+02	1352	Matcha Green Tea	3		7	1
1276	2023-05-03 11:37:46.571552+02	1351	Lemon Zest	3		7	1
1277	2023-05-03 11:37:46.572875+02	1350	Boston Cream	3		7	1
1278	2023-05-03 11:37:46.574558+02	1349	Oreo	3		7	1
1279	2023-05-03 11:37:46.575528+02	1348	Blueberry Cake	3		7	1
1280	2023-05-03 11:37:46.576511+02	1347	Oreo	3		7	1
1281	2023-05-03 11:37:46.577876+02	1346	Pistachio Honey	3		7	1
1282	2023-05-03 11:37:46.579166+02	1345	Strawberry Shortcake	3		7	1
1283	2023-05-03 11:37:46.580224+02	1344	Salted Caramel	3		7	1
1284	2023-05-03 11:37:46.581475+02	1343	Salted Caramel	3		7	1
1285	2023-05-03 11:37:46.582713+02	1342	Blueberry Cake	3		7	1
1286	2023-05-03 11:37:46.583965+02	1341	Maple Bacon	3		7	1
1287	2023-05-03 11:37:46.585855+02	1340	Raspberry Jelly	3		7	1
1288	2023-05-03 11:37:46.587847+02	1339	Pistachio Honey	3		7	1
1289	2023-05-03 11:37:46.589019+02	1338	Oreo	3		7	1
1290	2023-05-03 11:37:46.589884+02	1337	Vanilla Bean	3		7	1
1291	2023-05-03 11:37:46.59083+02	1336	Maple Bacon	3		7	1
1292	2023-05-03 11:37:46.591851+02	1335	Red Velvet	3		7	1
1293	2023-05-03 11:37:46.592749+02	1334	S'mores	3		7	1
1294	2023-05-03 11:37:46.593565+02	1333	Boston Cream	3		7	1
1295	2023-05-03 11:37:46.594336+02	1332	Oreo	3		7	1
1296	2023-05-03 11:37:46.595305+02	1331	Red Velvet	3		7	1
1297	2023-05-03 11:37:46.596833+02	1330	Glazed	3		7	1
1298	2023-05-03 11:37:46.597904+02	1329	Glazed	3		7	1
1299	2023-05-03 11:37:46.599243+02	1328	Oreo	3		7	1
1300	2023-05-03 11:37:46.600429+02	1327	Vanilla Bean	3		7	1
1301	2023-05-03 11:37:46.601435+02	1326	Chocolate Chip	3		7	1
1302	2023-05-03 11:37:46.603161+02	1325	Salted Caramel	3		7	1
1303	2023-05-03 11:37:46.60529+02	1324	S'mores	3		7	1
1304	2023-05-03 11:37:46.606516+02	1323	Cinnamon Sugar	3		7	1
1305	2023-05-03 11:37:46.607474+02	1322	Boston Cream	3		7	1
1306	2023-05-03 11:37:46.608673+02	1321	Glazed	3		7	1
1307	2023-05-03 11:37:46.61015+02	1320	Oreo	3		7	1
1308	2023-05-03 11:37:46.61182+02	1319	Salted Caramel	3		7	1
1309	2023-05-03 11:37:46.613064+02	1318	Blueberry Cake	3		7	1
1310	2023-05-03 11:37:46.61391+02	1317	S'mores	3		7	1
1311	2023-05-03 11:37:46.61466+02	1316	Lemon Zest	3		7	1
1312	2023-05-03 11:37:46.615571+02	1315	Glazed	3		7	1
1313	2023-05-03 11:37:46.616728+02	1314	Boston Cream	3		7	1
1314	2023-05-03 11:37:52.715743+02	1313	Pumpkin Spice	3		7	1
1315	2023-05-03 11:37:52.718857+02	1312	Oreo	3		7	1
1316	2023-05-03 11:37:52.720303+02	1311	Lemon Zest	3		7	1
1317	2023-05-03 11:37:52.723439+02	1310	Vanilla Bean	3		7	1
1318	2023-05-03 11:37:52.724446+02	1309	Raspberry Jelly	3		7	1
1319	2023-05-03 11:37:52.725597+02	1308	Apple Fritter	3		7	1
1320	2023-05-03 11:37:52.727104+02	1307	Vanilla Bean	3		7	1
1321	2023-05-03 11:37:52.728377+02	1306	Pistachio Honey	3		7	1
1322	2023-05-03 11:37:52.72955+02	1305	Vanilla Bean	3		7	1
1323	2023-05-03 11:37:52.730745+02	1304	Glazed	3		7	1
1324	2023-05-03 11:37:52.731995+02	1303	Boston Cream	3		7	1
1325	2023-05-03 11:37:52.7331+02	1302	Pumpkin Spice	3		7	1
1326	2023-05-03 11:37:52.734102+02	1301	Blueberry Cake	3		7	1
1327	2023-05-03 11:37:52.736249+02	1300	Pumpkin Spice	3		7	1
1328	2023-05-03 11:37:52.737484+02	1299	Blueberry Cake	3		7	1
1329	2023-05-03 11:37:52.739863+02	1298	Pumpkin Spice	3		7	1
1330	2023-05-03 11:37:52.741132+02	1297	Salted Caramel	3		7	1
1331	2023-05-03 11:37:52.74207+02	1296	S'mores	3		7	1
1332	2023-05-03 11:37:52.742946+02	1295	S'mores	3		7	1
1333	2023-05-03 11:37:52.743938+02	1294	Strawberry Shortcake	3		7	1
1334	2023-05-03 11:37:52.745036+02	1293	Chocolate Chip	3		7	1
1335	2023-05-03 11:37:52.746079+02	1292	Matcha Green Tea	3		7	1
1336	2023-05-03 11:37:52.747377+02	1291	Vanilla Bean	3		7	1
1337	2023-05-03 11:37:52.748358+02	1290	S'mores	3		7	1
1338	2023-05-03 11:37:52.74925+02	1289	Pistachio Honey	3		7	1
1339	2023-05-03 11:37:52.75047+02	1288	Lemon Zest	3		7	1
1340	2023-05-03 11:37:52.751749+02	1287	Tiramisu	3		7	1
1341	2023-05-03 11:37:52.752856+02	1286	Chocolate Sprinkles	3		7	1
1342	2023-05-03 11:37:52.753879+02	1285	S'mores	3		7	1
1343	2023-05-03 11:37:52.756124+02	1284	Chocolate Sprinkles	3		7	1
1344	2023-05-03 11:37:52.757161+02	1283	Glazed	3		7	1
1345	2023-05-03 11:37:52.758469+02	1282	Pumpkin Spice	3		7	1
1346	2023-05-03 11:37:52.759509+02	1281	Salted Caramel	3		7	1
1347	2023-05-03 11:37:52.760338+02	1280	Apple Fritter	3		7	1
1348	2023-05-03 11:37:52.761225+02	1279	Cinnamon Sugar	3		7	1
1349	2023-05-03 11:37:52.762101+02	1278	Glazed	3		7	1
1350	2023-05-03 11:37:52.763069+02	1277	Lemon Zest	3		7	1
1351	2023-05-03 11:37:52.764354+02	1276	Blueberry Cake	3		7	1
1352	2023-05-03 11:37:52.765637+02	1275	Salted Caramel	3		7	1
1353	2023-05-03 11:37:52.767005+02	1274	Maple Bacon	3		7	1
1354	2023-05-03 11:37:52.768182+02	1273	Oreo	3		7	1
1355	2023-05-03 11:37:52.769518+02	1272	Vanilla Bean	3		7	1
1356	2023-05-03 11:37:52.770662+02	1271	Cinnamon Sugar	3		7	1
1357	2023-05-03 11:37:52.771978+02	1270	Raspberry Jelly	3		7	1
1358	2023-05-03 11:37:52.773424+02	1269	Chocolate Sprinkles	3		7	1
1359	2023-05-03 11:37:52.774301+02	1268	Boston Cream	3		7	1
1360	2023-05-03 11:37:52.77504+02	1267	Oreo	3		7	1
1361	2023-05-03 11:37:52.77589+02	1266	Maple Bacon	3		7	1
1362	2023-05-03 11:37:52.776835+02	1265	Cinnamon Sugar	3		7	1
1363	2023-05-03 11:37:52.778017+02	1264	Matcha Green Tea	3		7	1
1364	2023-05-03 11:37:52.779034+02	1263	Salted Caramel	3		7	1
1365	2023-05-03 11:37:52.780118+02	1262	Raspberry Jelly	3		7	1
1366	2023-05-03 11:37:52.781281+02	1261	Strawberry Shortcake	3		7	1
1367	2023-05-03 11:37:52.782397+02	1260	Salted Caramel	3		7	1
1368	2023-05-03 11:37:52.783463+02	1259	Chocolate Chip	3		7	1
1369	2023-05-03 11:37:52.784541+02	1258	Maple Bacon	3		7	1
1370	2023-05-03 11:37:52.785619+02	1257	Oreo	3		7	1
1371	2023-05-03 11:37:52.786697+02	1256	Chocolate Sprinkles	3		7	1
1372	2023-05-03 11:37:52.787641+02	1255	Glazed	3		7	1
1373	2023-05-03 11:37:52.7885+02	1254	Red Velvet	3		7	1
1374	2023-05-03 11:37:52.78951+02	1253	Apple Fritter	3		7	1
1375	2023-05-03 11:37:52.79067+02	1252	Chocolate Chip	3		7	1
1376	2023-05-03 11:37:52.791641+02	1251	Salted Caramel	3		7	1
1377	2023-05-03 11:37:52.79271+02	1250	Cinnamon Sugar	3		7	1
1378	2023-05-03 11:37:52.794008+02	1249	Chocolate Chip	3		7	1
1379	2023-05-03 11:37:52.79528+02	1248	Strawberry Shortcake	3		7	1
1380	2023-05-03 11:37:52.796448+02	1247	Oreo	3		7	1
1381	2023-05-03 11:37:52.797513+02	1246	S'mores	3		7	1
1382	2023-05-03 11:37:52.798379+02	1245	Cinnamon Sugar	3		7	1
1383	2023-05-03 11:37:52.799395+02	1244	Maple Bacon	3		7	1
1384	2023-05-03 11:37:52.800715+02	1243	Glazed	3		7	1
1385	2023-05-03 11:37:52.802027+02	1242	Glazed	3		7	1
1386	2023-05-03 11:37:52.803085+02	1241	Strawberry Shortcake	3		7	1
1387	2023-05-03 11:37:52.803965+02	1240	Maple Bacon	3		7	1
1388	2023-05-03 11:37:52.805051+02	1239	Chocolate Chip	3		7	1
1389	2023-05-03 11:37:52.806307+02	1238	Chocolate Sprinkles	3		7	1
1390	2023-05-03 11:37:52.807079+02	1237	Tiramisu	3		7	1
1391	2023-05-03 11:37:52.807809+02	1236	Red Velvet	3		7	1
1392	2023-05-03 11:37:52.808493+02	1235	Boston Cream	3		7	1
1393	2023-05-03 11:37:52.809527+02	1234	Apple Fritter	3		7	1
1394	2023-05-03 11:37:52.810643+02	1233	Raspberry Jelly	3		7	1
1395	2023-05-03 11:37:52.811597+02	1232	Strawberry Shortcake	3		7	1
1396	2023-05-03 11:37:52.81274+02	1231	Salted Caramel	3		7	1
1397	2023-05-03 11:37:52.813783+02	1230	Maple Bacon	3		7	1
1398	2023-05-03 11:37:52.81521+02	1229	Chocolate Chip	3		7	1
1399	2023-05-03 11:37:52.816559+02	1228	S'mores	3		7	1
1400	2023-05-03 11:37:52.817829+02	1227	Vanilla Bean	3		7	1
1401	2023-05-03 11:37:52.818904+02	1226	Raspberry Jelly	3		7	1
1402	2023-05-03 11:37:52.820085+02	1225	Lemon Zest	3		7	1
1403	2023-05-03 11:37:52.82114+02	1224	Blueberry Cake	3		7	1
1404	2023-05-03 11:37:52.822649+02	1223	Matcha Green Tea	3		7	1
1405	2023-05-03 11:37:52.8234+02	1222	S'mores	3		7	1
1406	2023-05-03 11:37:52.824118+02	1221	Raspberry Jelly	3		7	1
1407	2023-05-03 11:37:52.824868+02	1220	Cinnamon Sugar	3		7	1
1408	2023-05-03 11:37:52.825667+02	1219	Maple Bacon	3		7	1
1409	2023-05-03 11:37:52.826374+02	1218	Pumpkin Spice	3		7	1
1410	2023-05-03 11:37:52.827045+02	1217	Tiramisu	3		7	1
1411	2023-05-03 11:37:52.827685+02	1216	Oreo	3		7	1
1412	2023-05-03 11:37:52.828319+02	1215	Raspberry Jelly	3		7	1
1413	2023-05-03 11:37:52.828984+02	1214	Matcha Green Tea	3		7	1
1414	2023-05-03 11:39:01.895803+02	1613	S'mores	3		7	1
1415	2023-05-03 11:39:01.898935+02	1612	Pistachio Honey	3		7	1
1416	2023-05-03 11:39:01.900169+02	1611	Raspberry Jelly	3		7	1
1417	2023-05-03 11:39:01.901322+02	1610	Blueberry Cake	3		7	1
1418	2023-05-03 11:39:01.902518+02	1609	Strawberry Shortcake	3		7	1
1419	2023-05-03 11:39:01.903465+02	1608	Chocolate Chip	3		7	1
1420	2023-05-03 11:39:01.904216+02	1607	Chocolate Sprinkles	3		7	1
1421	2023-05-03 11:39:01.905292+02	1606	Chocolate Sprinkles	3		7	1
1422	2023-05-03 11:39:01.906781+02	1605	Boston Cream	3		7	1
1423	2023-05-03 11:39:01.907961+02	1604	Salted Caramel	3		7	1
1424	2023-05-03 11:39:01.908913+02	1603	Chocolate Sprinkles	3		7	1
1425	2023-05-03 11:39:01.910585+02	1602	Vanilla Bean	3		7	1
1426	2023-05-03 11:39:01.911838+02	1601	Tiramisu	3		7	1
1427	2023-05-03 11:39:01.912886+02	1600	Salted Caramel	3		7	1
1428	2023-05-03 11:39:01.913886+02	1599	S'mores	3		7	1
1429	2023-05-03 11:39:01.914869+02	1598	Glazed	3		7	1
1430	2023-05-03 11:39:01.915992+02	1597	Chocolate Sprinkles	3		7	1
1431	2023-05-03 11:39:01.916941+02	1596	Apple Fritter	3		7	1
1432	2023-05-03 11:39:01.918318+02	1595	Salted Caramel	3		7	1
1433	2023-05-03 11:39:01.919537+02	1594	Salted Caramel	3		7	1
1434	2023-05-03 11:39:01.920531+02	1593	Boston Cream	3		7	1
1435	2023-05-03 11:39:01.921226+02	1592	Maple Bacon	3		7	1
1436	2023-05-03 11:39:01.921863+02	1591	Chocolate Chip	3		7	1
1437	2023-05-03 11:39:01.922594+02	1590	Pistachio Honey	3		7	1
1438	2023-05-03 11:39:01.923555+02	1589	Tiramisu	3		7	1
1439	2023-05-03 11:39:01.92467+02	1588	Oreo	3		7	1
1440	2023-05-03 11:39:01.925843+02	1587	Pumpkin Spice	3		7	1
1441	2023-05-03 11:39:01.926739+02	1586	Oreo	3		7	1
1442	2023-05-03 11:39:01.92801+02	1585	Raspberry Jelly	3		7	1
1443	2023-05-03 11:39:01.929147+02	1584	Glazed	3		7	1
1444	2023-05-03 11:39:01.930213+02	1583	Pumpkin Spice	3		7	1
1445	2023-05-03 11:39:01.931018+02	1582	Cinnamon Sugar	3		7	1
1446	2023-05-03 11:39:01.931938+02	1581	Chocolate Chip	3		7	1
1447	2023-05-03 11:39:01.933099+02	1580	Maple Bacon	3		7	1
1448	2023-05-03 11:39:01.934151+02	1579	Boston Cream	3		7	1
1449	2023-05-03 11:39:01.935244+02	1578	Lemon Zest	3		7	1
1450	2023-05-03 11:39:01.936306+02	1577	Pumpkin Spice	3		7	1
1451	2023-05-03 11:39:01.937536+02	1576	Apple Fritter	3		7	1
1452	2023-05-03 11:39:01.939027+02	1575	Red Velvet	3		7	1
1453	2023-05-03 11:39:01.940086+02	1574	Pumpkin Spice	3		7	1
1454	2023-05-03 11:39:01.941674+02	1573	Raspberry Jelly	3		7	1
1455	2023-05-03 11:39:01.942858+02	1572	Chocolate Chip	3		7	1
1456	2023-05-03 11:39:01.944105+02	1571	Pumpkin Spice	3		7	1
1457	2023-05-03 11:39:01.945223+02	1570	Boston Cream	3		7	1
1458	2023-05-03 11:39:01.946438+02	1569	Tiramisu	3		7	1
1459	2023-05-03 11:39:01.947626+02	1568	Chocolate Chip	3		7	1
1460	2023-05-03 11:39:01.94871+02	1567	Cinnamon Sugar	3		7	1
1461	2023-05-03 11:39:01.949721+02	1566	Pistachio Honey	3		7	1
1462	2023-05-03 11:39:01.950793+02	1565	Blueberry Cake	3		7	1
1463	2023-05-03 11:39:01.951738+02	1564	Raspberry Jelly	3		7	1
1464	2023-05-03 11:39:01.952999+02	1563	Chocolate Sprinkles	3		7	1
1465	2023-05-03 11:39:01.954224+02	1562	Matcha Green Tea	3		7	1
1466	2023-05-03 11:39:01.955364+02	1561	Strawberry Shortcake	3		7	1
1467	2023-05-03 11:39:01.956895+02	1560	Tiramisu	3		7	1
1468	2023-05-03 11:39:01.957931+02	1559	Matcha Green Tea	3		7	1
1469	2023-05-03 11:39:01.958989+02	1558	Chocolate Sprinkles	3		7	1
1470	2023-05-03 11:39:01.959835+02	1557	Salted Caramel	3		7	1
1471	2023-05-03 11:39:01.960706+02	1556	Boston Cream	3		7	1
1472	2023-05-03 11:39:01.961848+02	1555	Oreo	3		7	1
1473	2023-05-03 11:39:01.963031+02	1554	Lemon Zest	3		7	1
1474	2023-05-03 11:39:01.964534+02	1553	Maple Bacon	3		7	1
1475	2023-05-03 11:39:01.965944+02	1552	Red Velvet	3		7	1
1476	2023-05-03 11:39:01.966756+02	1551	Blueberry Cake	3		7	1
1477	2023-05-03 11:39:01.967605+02	1550	Raspberry Jelly	3		7	1
1478	2023-05-03 11:39:01.968751+02	1549	Tiramisu	3		7	1
1479	2023-05-03 11:39:01.969933+02	1548	Oreo	3		7	1
1480	2023-05-03 11:39:01.971065+02	1547	Raspberry Jelly	3		7	1
1481	2023-05-03 11:39:01.972152+02	1546	Chocolate Chip	3		7	1
1482	2023-05-03 11:39:01.973149+02	1545	Cinnamon Sugar	3		7	1
1483	2023-05-03 11:39:01.974165+02	1544	Red Velvet	3		7	1
1484	2023-05-03 11:39:01.975549+02	1543	Matcha Green Tea	3		7	1
1485	2023-05-03 11:39:01.976808+02	1542	Pistachio Honey	3		7	1
1486	2023-05-03 11:39:01.978107+02	1541	Maple Bacon	3		7	1
1487	2023-05-03 11:39:01.979292+02	1540	Maple Bacon	3		7	1
1488	2023-05-03 11:39:01.980553+02	1539	Pumpkin Spice	3		7	1
1489	2023-05-03 11:39:01.981817+02	1538	Boston Cream	3		7	1
1490	2023-05-03 11:39:01.982823+02	1537	Vanilla Bean	3		7	1
1491	2023-05-03 11:39:01.983851+02	1536	Strawberry Shortcake	3		7	1
1492	2023-05-03 11:39:01.985098+02	1535	Cinnamon Sugar	3		7	1
1493	2023-05-03 11:39:01.98636+02	1534	Glazed	3		7	1
1494	2023-05-03 11:39:01.988769+02	1533	Red Velvet	3		7	1
1495	2023-05-03 11:39:01.989924+02	1532	S'mores	3		7	1
1496	2023-05-03 11:39:01.991283+02	1531	Apple Fritter	3		7	1
1497	2023-05-03 11:39:01.992016+02	1530	Strawberry Shortcake	3		7	1
1498	2023-05-03 11:39:01.992917+02	1529	Maple Bacon	3		7	1
1499	2023-05-03 11:39:01.993947+02	1528	Chocolate Sprinkles	3		7	1
1500	2023-05-03 11:39:01.994664+02	1527	S'mores	3		7	1
1501	2023-05-03 11:39:01.995549+02	1526	S'mores	3		7	1
1502	2023-05-03 11:39:01.996725+02	1525	Apple Fritter	3		7	1
1503	2023-05-03 11:39:01.997761+02	1524	Strawberry Shortcake	3		7	1
1504	2023-05-03 11:39:01.998933+02	1523	Maple Bacon	3		7	1
1505	2023-05-03 11:39:01.999966+02	1522	Chocolate Chip	3		7	1
1506	2023-05-03 11:39:02.001167+02	1521	Apple Fritter	3		7	1
1507	2023-05-03 11:39:02.002832+02	1520	Pistachio Honey	3		7	1
1508	2023-05-03 11:39:02.003877+02	1519	Pumpkin Spice	3		7	1
1509	2023-05-03 11:39:02.005077+02	1518	Pumpkin Spice	3		7	1
1510	2023-05-03 11:39:02.006529+02	1517	Boston Cream	3		7	1
1511	2023-05-03 11:39:02.007687+02	1516	Boston Cream	3		7	1
1512	2023-05-03 11:39:02.008431+02	1515	Chocolate Sprinkles	3		7	1
1513	2023-05-03 11:39:02.009163+02	1514	Tiramisu	3		7	1
1514	2023-05-03 11:39:09.354452+02	1513	Apple Fritter	3		7	1
1515	2023-05-03 11:39:09.357612+02	1512	Red Velvet	3		7	1
1516	2023-05-03 11:39:09.359054+02	1511	Strawberry Shortcake	3		7	1
1517	2023-05-03 11:39:09.360909+02	1510	Apple Fritter	3		7	1
1518	2023-05-03 11:39:09.362458+02	1509	Cinnamon Sugar	3		7	1
1519	2023-05-03 11:39:09.364068+02	1508	Blueberry Cake	3		7	1
1520	2023-05-03 11:39:09.365341+02	1507	Oreo	3		7	1
1521	2023-05-03 11:39:09.366538+02	1506	Oreo	3		7	1
1522	2023-05-03 11:39:09.367569+02	1505	Chocolate Chip	3		7	1
1523	2023-05-03 11:39:09.368567+02	1504	Chocolate Chip	3		7	1
1524	2023-05-03 11:39:09.369941+02	1503	Red Velvet	3		7	1
1525	2023-05-03 11:39:09.37136+02	1502	Tiramisu	3		7	1
1526	2023-05-03 11:39:09.372875+02	1501	Glazed	3		7	1
1527	2023-05-03 11:39:09.373703+02	1500	S'mores	3		7	1
1528	2023-05-03 11:39:09.374409+02	1499	Tiramisu	3		7	1
1529	2023-05-03 11:39:09.375161+02	1498	Maple Bacon	3		7	1
1530	2023-05-03 11:39:09.375806+02	1497	Lemon Zest	3		7	1
1531	2023-05-03 11:39:09.376538+02	1496	Pumpkin Spice	3		7	1
1532	2023-05-03 11:39:09.377184+02	1495	Red Velvet	3		7	1
1533	2023-05-03 11:39:09.377901+02	1494	Glazed	3		7	1
1534	2023-05-03 11:39:09.37877+02	1493	Boston Cream	3		7	1
1535	2023-05-03 11:39:09.380011+02	1492	Glazed	3		7	1
1536	2023-05-03 11:39:09.380917+02	1491	Cinnamon Sugar	3		7	1
1537	2023-05-03 11:39:09.381652+02	1490	Salted Caramel	3		7	1
1538	2023-05-03 11:39:09.382383+02	1489	Salted Caramel	3		7	1
1539	2023-05-03 11:39:09.383309+02	1488	Boston Cream	3		7	1
1540	2023-05-03 11:39:09.384319+02	1487	Salted Caramel	3		7	1
1541	2023-05-03 11:39:09.385564+02	1486	Pistachio Honey	3		7	1
1542	2023-05-03 11:39:09.386822+02	1485	Apple Fritter	3		7	1
1543	2023-05-03 11:39:09.388069+02	1484	Cinnamon Sugar	3		7	1
1544	2023-05-03 11:39:09.389281+02	1483	Salted Caramel	3		7	1
1545	2023-05-03 11:39:09.390754+02	1482	Glazed	3		7	1
1546	2023-05-03 11:39:09.391949+02	1481	Oreo	3		7	1
1547	2023-05-03 11:39:09.392979+02	1480	Red Velvet	3		7	1
1548	2023-05-03 11:39:09.394683+02	1479	Red Velvet	3		7	1
1549	2023-05-03 11:39:09.396109+02	1478	Chocolate Sprinkles	3		7	1
1550	2023-05-03 11:39:09.397419+02	1477	Lemon Zest	3		7	1
1551	2023-05-03 11:39:09.398581+02	1476	Oreo	3		7	1
1552	2023-05-03 11:39:09.399768+02	1475	Red Velvet	3		7	1
1553	2023-05-03 11:39:09.400938+02	1474	Matcha Green Tea	3		7	1
1554	2023-05-03 11:39:09.401941+02	1473	Blueberry Cake	3		7	1
1555	2023-05-03 11:39:09.402882+02	1472	S'mores	3		7	1
1556	2023-05-03 11:39:09.404056+02	1471	Vanilla Bean	3		7	1
1557	2023-05-03 11:39:09.405377+02	1470	Raspberry Jelly	3		7	1
1558	2023-05-03 11:39:09.406713+02	1469	Glazed	3		7	1
1559	2023-05-03 11:39:09.407989+02	1468	Cinnamon Sugar	3		7	1
1560	2023-05-03 11:39:09.409174+02	1467	Chocolate Chip	3		7	1
1561	2023-05-03 11:39:09.410282+02	1466	Salted Caramel	3		7	1
1562	2023-05-03 11:39:09.411745+02	1465	Oreo	3		7	1
1563	2023-05-03 11:39:09.413294+02	1464	Tiramisu	3		7	1
1564	2023-05-03 11:39:09.414425+02	1463	Strawberry Shortcake	3		7	1
1565	2023-05-03 11:39:09.415125+02	1462	Tiramisu	3		7	1
1566	2023-05-03 11:39:09.41578+02	1461	Raspberry Jelly	3		7	1
1567	2023-05-03 11:39:09.416427+02	1460	Cinnamon Sugar	3		7	1
1568	2023-05-03 11:39:09.417172+02	1459	Strawberry Shortcake	3		7	1
1569	2023-05-03 11:39:09.418193+02	1458	Blueberry Cake	3		7	1
1570	2023-05-03 11:39:09.418859+02	1457	Strawberry Shortcake	3		7	1
1571	2023-05-03 11:39:09.419667+02	1456	Raspberry Jelly	3		7	1
1572	2023-05-03 11:39:09.420621+02	1455	Tiramisu	3		7	1
1573	2023-05-03 11:39:09.421738+02	1454	Matcha Green Tea	3		7	1
1574	2023-05-03 11:39:09.422605+02	1453	Red Velvet	3		7	1
1575	2023-05-03 11:39:09.423593+02	1452	S'mores	3		7	1
1576	2023-05-03 11:39:09.424651+02	1451	Tiramisu	3		7	1
1577	2023-05-03 11:39:09.42578+02	1450	Chocolate Chip	3		7	1
1578	2023-05-03 11:39:09.42701+02	1449	Strawberry Shortcake	3		7	1
1579	2023-05-03 11:39:09.42818+02	1448	Oreo	3		7	1
1580	2023-05-03 11:39:09.429172+02	1447	Chocolate Sprinkles	3		7	1
1581	2023-05-03 11:39:09.430891+02	1446	Lemon Zest	3		7	1
1582	2023-05-03 11:39:09.431778+02	1445	Pumpkin Spice	3		7	1
1583	2023-05-03 11:39:09.432543+02	1444	Raspberry Jelly	3		7	1
1584	2023-05-03 11:39:09.43332+02	1443	Glazed	3		7	1
1585	2023-05-03 11:39:09.434229+02	1442	Chocolate Sprinkles	3		7	1
1586	2023-05-03 11:39:09.435493+02	1441	Tiramisu	3		7	1
1587	2023-05-03 11:39:09.436712+02	1440	Maple Bacon	3		7	1
1588	2023-05-03 11:39:09.437897+02	1439	Red Velvet	3		7	1
1589	2023-05-03 11:39:09.438999+02	1438	Boston Cream	3		7	1
1590	2023-05-03 11:39:09.440184+02	1437	Oreo	3		7	1
1591	2023-05-03 11:39:09.441709+02	1436	Cinnamon Sugar	3		7	1
1592	2023-05-03 11:39:09.442575+02	1435	Strawberry Shortcake	3		7	1
1593	2023-05-03 11:39:09.443319+02	1434	Pumpkin Spice	3		7	1
1594	2023-05-03 11:39:09.443969+02	1433	Matcha Green Tea	3		7	1
1595	2023-05-03 11:39:09.444659+02	1432	Pumpkin Spice	3		7	1
1596	2023-05-03 11:39:09.445323+02	1431	Oreo	3		7	1
1597	2023-05-03 11:39:09.445946+02	1430	Cinnamon Sugar	3		7	1
1598	2023-05-03 11:39:09.446584+02	1429	Pistachio Honey	3		7	1
1599	2023-05-03 11:39:09.447245+02	1428	Oreo	3		7	1
1600	2023-05-03 11:39:09.448069+02	1427	Cinnamon Sugar	3		7	1
1601	2023-05-03 11:39:09.449011+02	1426	Tiramisu	3		7	1
1602	2023-05-03 11:39:09.450245+02	1425	S'mores	3		7	1
1603	2023-05-03 11:39:09.451481+02	1424	Raspberry Jelly	3		7	1
1604	2023-05-03 11:39:09.45266+02	1423	Tiramisu	3		7	1
1605	2023-05-03 11:39:09.453871+02	1422	Raspberry Jelly	3		7	1
1606	2023-05-03 11:39:09.454818+02	1421	Oreo	3		7	1
1607	2023-05-03 11:39:09.455773+02	1420	Chocolate Sprinkles	3		7	1
1608	2023-05-03 11:39:09.456999+02	1419	Red Velvet	3		7	1
1609	2023-05-03 11:39:09.458114+02	1418	Glazed	3		7	1
1610	2023-05-03 11:39:09.459249+02	1417	Cinnamon Sugar	3		7	1
1611	2023-05-03 11:39:09.46028+02	1416	Vanilla Bean	3		7	1
1612	2023-05-03 11:39:09.461427+02	1415	Chocolate Chip	3		7	1
1613	2023-05-03 11:39:09.462769+02	1414	Cinnamon Sugar	3		7	1
1614	2023-05-03 11:43:38.084517+02	1813	Pistachio Honey	3		7	1
1615	2023-05-03 11:43:38.087915+02	1812	Strawberry Shortcake	3		7	1
1616	2023-05-03 11:43:38.08924+02	1811	Red Velvet	3		7	1
1617	2023-05-03 11:43:38.090598+02	1810	Strawberry Shortcake	3		7	1
1618	2023-05-03 11:43:38.092061+02	1809	Lemon Zest	3		7	1
1619	2023-05-03 11:43:38.093294+02	1808	Oreo	3		7	1
1620	2023-05-03 11:43:38.094273+02	1807	Glazed	3		7	1
1621	2023-05-03 11:43:38.095253+02	1806	Blueberry Cake	3		7	1
1622	2023-05-03 11:43:38.096505+02	1805	Blueberry Cake	3		7	1
1623	2023-05-03 11:43:38.097693+02	1804	Boston Cream	3		7	1
1624	2023-05-03 11:43:38.098954+02	1803	Lemon Zest	3		7	1
1625	2023-05-03 11:43:38.099937+02	1802	Raspberry Jelly	3		7	1
1626	2023-05-03 11:43:38.100706+02	1801	Boston Cream	3		7	1
1627	2023-05-03 11:43:38.101453+02	1800	Matcha Green Tea	3		7	1
1628	2023-05-03 11:43:38.102241+02	1799	Apple Fritter	3		7	1
1629	2023-05-03 11:43:38.103083+02	1798	S'mores	3		7	1
1630	2023-05-03 11:43:38.104347+02	1797	Salted Caramel	3		7	1
1631	2023-05-03 11:43:38.105381+02	1796	Boston Cream	3		7	1
1632	2023-05-03 11:43:38.106307+02	1795	Strawberry Shortcake	3		7	1
1633	2023-05-03 11:43:38.107189+02	1794	Apple Fritter	3		7	1
1634	2023-05-03 11:43:38.108173+02	1793	Chocolate Sprinkles	3		7	1
1635	2023-05-03 11:43:38.109323+02	1792	Chocolate Chip	3		7	1
1636	2023-05-03 11:43:38.110377+02	1791	Apple Fritter	3		7	1
1637	2023-05-03 11:43:38.111582+02	1790	Tiramisu	3		7	1
1638	2023-05-03 11:43:38.112797+02	1789	Vanilla Bean	3		7	1
1639	2023-05-03 11:43:38.114277+02	1788	Red Velvet	3		7	1
1640	2023-05-03 11:43:38.115658+02	1787	Boston Cream	3		7	1
1641	2023-05-03 11:43:38.11688+02	1786	Glazed	3		7	1
1642	2023-05-03 11:43:38.118082+02	1785	Maple Bacon	3		7	1
1643	2023-05-03 11:43:38.119343+02	1784	S'mores	3		7	1
1644	2023-05-03 11:43:38.120662+02	1783	Pistachio Honey	3		7	1
1645	2023-05-03 11:43:38.121851+02	1782	Chocolate Chip	3		7	1
1646	2023-05-03 11:43:38.123048+02	1781	Raspberry Jelly	3		7	1
1647	2023-05-03 11:43:38.12428+02	1780	Cinnamon Sugar	3		7	1
1648	2023-05-03 11:43:38.12539+02	1779	Matcha Green Tea	3		7	1
1649	2023-05-03 11:43:38.126403+02	1778	Glazed	3		7	1
1650	2023-05-03 11:43:38.127947+02	1777	Tiramisu	3		7	1
1651	2023-05-03 11:43:38.129309+02	1776	Blueberry Cake	3		7	1
1652	2023-05-03 11:43:38.130575+02	1775	Matcha Green Tea	3		7	1
1653	2023-05-03 11:43:38.131897+02	1774	Lemon Zest	3		7	1
1654	2023-05-03 11:43:38.133226+02	1773	S'mores	3		7	1
1655	2023-05-03 11:43:38.134237+02	1772	Lemon Zest	3		7	1
1656	2023-05-03 11:43:38.135066+02	1771	Blueberry Cake	3		7	1
1657	2023-05-03 11:43:38.135785+02	1770	Salted Caramel	3		7	1
1658	2023-05-03 11:43:38.136664+02	1769	Oreo	3		7	1
1659	2023-05-03 11:43:38.13785+02	1768	Chocolate Chip	3		7	1
1660	2023-05-03 11:43:38.139111+02	1767	Blueberry Cake	3		7	1
1661	2023-05-03 11:43:38.140446+02	1766	Oreo	3		7	1
1662	2023-05-03 11:43:38.14162+02	1765	Cinnamon Sugar	3		7	1
1663	2023-05-03 11:43:38.142543+02	1764	S'mores	3		7	1
1664	2023-05-03 11:43:38.143729+02	1763	Strawberry Shortcake	3		7	1
1665	2023-05-03 11:43:38.145047+02	1762	Pumpkin Spice	3		7	1
1666	2023-05-03 11:43:38.146129+02	1761	Matcha Green Tea	3		7	1
1667	2023-05-03 11:43:38.147182+02	1760	Apple Fritter	3		7	1
1668	2023-05-03 11:43:38.148397+02	1759	Oreo	3		7	1
1669	2023-05-03 11:43:38.149703+02	1758	Chocolate Sprinkles	3		7	1
1670	2023-05-03 11:43:38.151372+02	1757	Blueberry Cake	3		7	1
1671	2023-05-03 11:43:38.152434+02	1756	Chocolate Chip	3		7	1
1672	2023-05-03 11:43:38.153446+02	1755	Pistachio Honey	3		7	1
1673	2023-05-03 11:43:38.15461+02	1754	Pumpkin Spice	3		7	1
1674	2023-05-03 11:43:38.155802+02	1753	Pumpkin Spice	3		7	1
1675	2023-05-03 11:43:38.156988+02	1752	Maple Bacon	3		7	1
1676	2023-05-03 11:43:38.158236+02	1751	Strawberry Shortcake	3		7	1
1677	2023-05-03 11:43:38.159427+02	1750	Glazed	3		7	1
1678	2023-05-03 11:43:38.160613+02	1749	Vanilla Bean	3		7	1
1679	2023-05-03 11:43:38.161987+02	1748	Boston Cream	3		7	1
1680	2023-05-03 11:43:38.163377+02	1747	S'mores	3		7	1
1681	2023-05-03 11:43:38.164372+02	1746	Chocolate Sprinkles	3		7	1
1682	2023-05-03 11:43:38.165583+02	1745	Salted Caramel	3		7	1
1683	2023-05-03 11:43:38.166495+02	1744	Apple Fritter	3		7	1
1684	2023-05-03 11:43:38.167354+02	1743	Salted Caramel	3		7	1
1685	2023-05-03 11:43:38.168083+02	1742	Cinnamon Sugar	3		7	1
1686	2023-05-03 11:43:38.16889+02	1741	Chocolate Chip	3		7	1
1687	2023-05-03 11:43:38.169892+02	1740	Pistachio Honey	3		7	1
1688	2023-05-03 11:43:38.171141+02	1739	Matcha Green Tea	3		7	1
1689	2023-05-03 11:43:38.172208+02	1738	Red Velvet	3		7	1
1690	2023-05-03 11:43:38.173092+02	1737	Chocolate Sprinkles	3		7	1
1691	2023-05-03 11:43:38.174289+02	1736	Boston Cream	3		7	1
1692	2023-05-03 11:43:38.175535+02	1735	Lemon Zest	3		7	1
1693	2023-05-03 11:43:38.176366+02	1734	S'mores	3		7	1
1694	2023-05-03 11:43:38.177356+02	1733	Apple Fritter	3		7	1
1695	2023-05-03 11:43:38.178304+02	1732	Chocolate Chip	3		7	1
1696	2023-05-03 11:43:38.179263+02	1731	Chocolate Sprinkles	3		7	1
1697	2023-05-03 11:43:38.180407+02	1730	Pistachio Honey	3		7	1
1698	2023-05-03 11:43:38.181254+02	1729	S'mores	3		7	1
1699	2023-05-03 11:43:38.182668+02	1728	Tiramisu	3		7	1
1700	2023-05-03 11:43:38.183391+02	1727	Tiramisu	3		7	1
1701	2023-05-03 11:43:38.184115+02	1726	Red Velvet	3		7	1
1702	2023-05-03 11:43:38.184875+02	1725	Raspberry Jelly	3		7	1
1703	2023-05-03 11:43:38.185698+02	1724	Pumpkin Spice	3		7	1
1704	2023-05-03 11:43:38.186556+02	1723	Matcha Green Tea	3		7	1
1705	2023-05-03 11:43:38.18759+02	1722	Red Velvet	3		7	1
1706	2023-05-03 11:43:38.18858+02	1721	Maple Bacon	3		7	1
1707	2023-05-03 11:43:38.189681+02	1720	Matcha Green Tea	3		7	1
1708	2023-05-03 11:43:38.190743+02	1719	Pumpkin Spice	3		7	1
1709	2023-05-03 11:43:38.191851+02	1718	Boston Cream	3		7	1
1710	2023-05-03 11:43:38.193012+02	1717	S'mores	3		7	1
1711	2023-05-03 11:43:38.193917+02	1716	Salted Caramel	3		7	1
1712	2023-05-03 11:43:38.195188+02	1715	Salted Caramel	3		7	1
1713	2023-05-03 11:43:38.196408+02	1714	Lemon Zest	3		7	1
1714	2023-05-03 11:43:44.34616+02	1713	Chocolate Chip	3		7	1
1715	2023-05-03 11:43:44.348909+02	1712	Maple Bacon	3		7	1
1716	2023-05-03 11:43:44.35021+02	1711	Blueberry Cake	3		7	1
1717	2023-05-03 11:43:44.351426+02	1710	Pumpkin Spice	3		7	1
1718	2023-05-03 11:43:44.352854+02	1709	Tiramisu	3		7	1
1719	2023-05-03 11:43:44.353977+02	1708	Chocolate Chip	3		7	1
1720	2023-05-03 11:43:44.355292+02	1707	Strawberry Shortcake	3		7	1
1721	2023-05-03 11:43:44.356191+02	1706	Glazed	3		7	1
1722	2023-05-03 11:43:44.35748+02	1705	Apple Fritter	3		7	1
1723	2023-05-03 11:43:44.358684+02	1704	Blueberry Cake	3		7	1
1724	2023-05-03 11:43:44.359922+02	1703	Cinnamon Sugar	3		7	1
1725	2023-05-03 11:43:44.361239+02	1702	Cinnamon Sugar	3		7	1
1726	2023-05-03 11:43:44.36268+02	1701	Blueberry Cake	3		7	1
1727	2023-05-03 11:43:44.363962+02	1700	Oreo	3		7	1
1728	2023-05-03 11:43:44.365067+02	1699	Pistachio Honey	3		7	1
1729	2023-05-03 11:43:44.366386+02	1698	Pumpkin Spice	3		7	1
1730	2023-05-03 11:43:44.367717+02	1697	Pumpkin Spice	3		7	1
1731	2023-05-03 11:43:44.368689+02	1696	Red Velvet	3		7	1
1732	2023-05-03 11:43:44.369804+02	1695	Blueberry Cake	3		7	1
1733	2023-05-03 11:43:44.371049+02	1694	Raspberry Jelly	3		7	1
1734	2023-05-03 11:43:44.372194+02	1693	Tiramisu	3		7	1
1735	2023-05-03 11:43:44.373829+02	1692	Tiramisu	3		7	1
1736	2023-05-03 11:43:44.374719+02	1691	Apple Fritter	3		7	1
1737	2023-05-03 11:43:44.375483+02	1690	Strawberry Shortcake	3		7	1
1738	2023-05-03 11:43:44.37623+02	1689	Raspberry Jelly	3		7	1
1739	2023-05-03 11:43:44.377322+02	1688	Red Velvet	3		7	1
1740	2023-05-03 11:43:44.378627+02	1687	Boston Cream	3		7	1
1741	2023-05-03 11:43:44.379639+02	1686	Glazed	3		7	1
1742	2023-05-03 11:43:44.380546+02	1685	Salted Caramel	3		7	1
1743	2023-05-03 11:43:44.38162+02	1684	Raspberry Jelly	3		7	1
1744	2023-05-03 11:43:44.38295+02	1683	Tiramisu	3		7	1
1745	2023-05-03 11:43:44.3841+02	1682	Oreo	3		7	1
1746	2023-05-03 11:43:44.385126+02	1681	Strawberry Shortcake	3		7	1
1747	2023-05-03 11:43:44.385902+02	1680	Lemon Zest	3		7	1
1748	2023-05-03 11:43:44.38662+02	1679	Pistachio Honey	3		7	1
1749	2023-05-03 11:43:44.387296+02	1678	Pistachio Honey	3		7	1
1750	2023-05-03 11:43:44.38798+02	1677	Strawberry Shortcake	3		7	1
1751	2023-05-03 11:43:44.388931+02	1676	Red Velvet	3		7	1
1752	2023-05-03 11:43:44.390068+02	1675	Glazed	3		7	1
1753	2023-05-03 11:43:44.391075+02	1674	Maple Bacon	3		7	1
1754	2023-05-03 11:43:44.391764+02	1673	Vanilla Bean	3		7	1
1755	2023-05-03 11:43:44.392436+02	1672	Salted Caramel	3		7	1
1756	2023-05-03 11:43:44.393201+02	1671	S'mores	3		7	1
1757	2023-05-03 11:43:44.394207+02	1670	Pumpkin Spice	3		7	1
1758	2023-05-03 11:43:44.395459+02	1669	S'mores	3		7	1
1759	2023-05-03 11:43:44.396602+02	1668	S'mores	3		7	1
1760	2023-05-03 11:43:44.397706+02	1667	Matcha Green Tea	3		7	1
1761	2023-05-03 11:43:44.398891+02	1666	Strawberry Shortcake	3		7	1
1762	2023-05-03 11:43:44.399966+02	1665	Chocolate Chip	3		7	1
1763	2023-05-03 11:43:44.400905+02	1664	Apple Fritter	3		7	1
1764	2023-05-03 11:43:44.402091+02	1663	Lemon Zest	3		7	1
1765	2023-05-03 11:43:44.403262+02	1662	Strawberry Shortcake	3		7	1
1766	2023-05-03 11:43:44.404306+02	1661	S'mores	3		7	1
1767	2023-05-03 11:43:44.405285+02	1660	Vanilla Bean	3		7	1
1768	2023-05-03 11:43:44.406272+02	1659	Chocolate Sprinkles	3		7	1
1769	2023-05-03 11:43:44.407351+02	1658	Matcha Green Tea	3		7	1
1770	2023-05-03 11:43:44.408253+02	1657	Vanilla Bean	3		7	1
1771	2023-05-03 11:43:44.409233+02	1656	Lemon Zest	3		7	1
1772	2023-05-03 11:43:44.410474+02	1655	Matcha Green Tea	3		7	1
1773	2023-05-03 11:43:44.41149+02	1654	Blueberry Cake	3		7	1
1774	2023-05-03 11:43:44.412554+02	1653	Raspberry Jelly	3		7	1
1775	2023-05-03 11:43:44.413739+02	1652	Tiramisu	3		7	1
1776	2023-05-03 11:43:44.415154+02	1651	Matcha Green Tea	3		7	1
1777	2023-05-03 11:43:44.416669+02	1650	Apple Fritter	3		7	1
1778	2023-05-03 11:43:44.417804+02	1649	Cinnamon Sugar	3		7	1
1779	2023-05-03 11:43:44.418883+02	1648	Blueberry Cake	3		7	1
1780	2023-05-03 11:43:44.419969+02	1647	Salted Caramel	3		7	1
1781	2023-05-03 11:43:44.420969+02	1646	Oreo	3		7	1
1782	2023-05-03 11:43:44.422328+02	1645	Red Velvet	3		7	1
1783	2023-05-03 11:43:44.423533+02	1644	Cinnamon Sugar	3		7	1
1784	2023-05-03 11:43:44.424637+02	1643	Glazed	3		7	1
1785	2023-05-03 11:43:44.425413+02	1642	Pumpkin Spice	3		7	1
1786	2023-05-03 11:43:44.426144+02	1641	Red Velvet	3		7	1
1787	2023-05-03 11:43:44.42704+02	1640	Glazed	3		7	1
1788	2023-05-03 11:43:44.427932+02	1639	Chocolate Sprinkles	3		7	1
1789	2023-05-03 11:43:44.429201+02	1638	S'mores	3		7	1
1790	2023-05-03 11:43:44.430457+02	1637	Apple Fritter	3		7	1
1791	2023-05-03 11:43:44.43163+02	1636	Blueberry Cake	3		7	1
1792	2023-05-03 11:43:44.432619+02	1635	Boston Cream	3		7	1
1793	2023-05-03 11:43:44.433649+02	1634	Chocolate Sprinkles	3		7	1
1794	2023-05-03 11:43:44.434678+02	1633	Chocolate Sprinkles	3		7	1
1795	2023-05-03 11:43:44.435918+02	1632	Blueberry Cake	3		7	1
1796	2023-05-03 11:43:44.437228+02	1631	Raspberry Jelly	3		7	1
1797	2023-05-03 11:43:44.438309+02	1630	Lemon Zest	3		7	1
1798	2023-05-03 11:43:44.439445+02	1629	Chocolate Chip	3		7	1
1799	2023-05-03 11:43:44.440741+02	1628	S'mores	3		7	1
1800	2023-05-03 11:43:44.442014+02	1627	Matcha Green Tea	3		7	1
1801	2023-05-03 11:43:44.443204+02	1626	S'mores	3		7	1
1802	2023-05-03 11:43:44.444085+02	1625	S'mores	3		7	1
1803	2023-05-03 11:43:44.445231+02	1624	Vanilla Bean	3		7	1
1804	2023-05-03 11:43:44.44626+02	1623	Pumpkin Spice	3		7	1
1805	2023-05-03 11:43:44.447222+02	1622	Pistachio Honey	3		7	1
1806	2023-05-03 11:43:44.448479+02	1621	Oreo	3		7	1
1807	2023-05-03 11:43:44.449601+02	1620	Oreo	3		7	1
1808	2023-05-03 11:43:44.450974+02	1619	Vanilla Bean	3		7	1
1809	2023-05-03 11:43:44.452155+02	1618	Apple Fritter	3		7	1
1810	2023-05-03 11:43:44.45341+02	1617	Salted Caramel	3		7	1
1811	2023-05-03 11:43:44.454498+02	1616	Lemon Zest	3		7	1
1812	2023-05-03 11:43:44.455817+02	1615	Vanilla Bean	3		7	1
1813	2023-05-03 11:43:44.457116+02	1614	Red Velvet	3		7	1
1814	2023-05-03 14:43:26.622811+02	2004	Glazed	2	[]	7	1
1815	2023-05-03 14:44:56.880187+02	1927	Glazed	2	[{"changed": {"fields": ["Count"]}}]	7	1
1816	2023-05-03 14:46:23.378196+02	1820	Glazed	2	[{"changed": {"fields": ["Count"]}}]	7	1
1817	2023-05-03 14:49:53.689794+02	1820	Glazed	2	[{"changed": {"fields": ["Count"]}}]	7	1
1818	2023-05-03 14:50:31.517879+02	1820	Glazed	2	[{"changed": {"fields": ["Count"]}}]	7	1
1819	2023-05-03 14:53:16.472423+02	1820	Glazed	2	[{"changed": {"fields": ["Count"]}}]	7	1
1820	2023-05-04 14:28:25.033558+02	7	1 x Boston Cream for order #7	3		9	1
1821	2023-05-04 14:28:25.036747+02	6	1 x Oreo for order #6	3		9	1
1822	2023-05-04 14:28:25.038058+02	5	1 x Boston Cream for order #5	3		9	1
1823	2023-05-04 14:28:25.040333+02	4	1 x Boston Cream for order #4	3		9	1
1824	2023-05-04 14:28:25.041429+02	3	1 x Boston Cream for order #3	3		9	1
1825	2023-05-04 14:28:25.042512+02	2	1 x Boston Cream for order #2	3		9	1
1826	2023-05-04 14:28:25.043515+02	1	1 x Boston Cream for order #1	3		9	1
1828	2023-05-04 14:31:27.201775+02	8	Order #8	3		8	1
1829	2023-05-04 14:31:27.204355+02	7	Order #7	3		8	1
1830	2023-05-04 14:31:27.205543+02	6	Order #6	3		8	1
1831	2023-05-04 14:31:27.20656+02	5	Order #5	3		8	1
1832	2023-05-04 14:31:27.207885+02	4	Order #4	3		8	1
1833	2023-05-04 14:31:27.210054+02	3	Order #3	3		8	1
1834	2023-05-04 14:31:27.211231+02	2	Order #2	3		8	1
1835	2023-05-04 14:31:27.212923+02	1	Order #1	3		8	1
1836	2023-05-04 14:34:52.724123+02	11	Order #11	3		8	1
1837	2023-05-04 14:34:52.72606+02	10	Order #10	3		8	1
1838	2023-05-04 14:59:15.983496+02	17	Order #17	3		8	1
1839	2023-05-04 14:59:15.986869+02	16	Order #16	3		8	1
1840	2023-05-04 14:59:15.988119+02	15	Order #15	3		8	1
1841	2023-05-04 14:59:15.989607+02	14	Order #14	3		8	1
1842	2023-05-04 14:59:15.990957+02	13	Order #13	3		8	1
1843	2023-05-04 14:59:15.992264+02	12	Order #12	3		8	1
1844	2023-05-04 17:13:15.943298+02	22	Order #22	3		8	1
1845	2023-05-04 17:13:15.947972+02	21	Order #21	3		8	1
1846	2023-05-04 17:13:15.949179+02	20	Order #20	3		8	1
1847	2023-05-04 17:13:15.950267+02	19	Order #19	3		8	1
1848	2023-05-04 17:13:15.951156+02	18	Order #18	3		8	1
1849	2023-05-11 14:11:58.251577+02	2013	Cinnamon Sugar	3		7	1
1850	2023-05-11 14:11:58.258342+02	2012	Matcha Green Tea	3		7	1
1851	2023-05-11 14:11:58.259675+02	2011	Cinnamon Sugar	3		7	1
1852	2023-05-11 14:11:58.26291+02	2010	Apple Fritter	3		7	1
1853	2023-05-11 14:11:58.264126+02	2009	Chocolate Chip	3		7	1
1854	2023-05-11 14:11:58.26514+02	2008	Matcha Green Tea	3		7	1
1855	2023-05-11 14:11:58.26622+02	2007	Strawberry Shortcake	3		7	1
1856	2023-05-11 14:11:58.267279+02	2006	Glazed	3		7	1
1857	2023-05-11 14:11:58.268467+02	2005	Strawberry Shortcake	3		7	1
1858	2023-05-11 14:11:58.269687+02	2004	Glazed	3		7	1
1859	2023-05-11 14:11:58.270981+02	2003	Red Velvet	3		7	1
1860	2023-05-11 14:11:58.272119+02	2002	Boston Cream	3		7	1
1861	2023-05-11 14:11:58.273327+02	2001	Salted Caramel	3		7	1
1862	2023-05-11 14:11:58.274714+02	2000	Vanilla Bean	3		7	1
1863	2023-05-11 14:11:58.27984+02	1999	Maple Bacon	3		7	1
1864	2023-05-11 14:11:58.280998+02	1998	Vanilla Bean	3		7	1
1865	2023-05-11 14:11:58.281885+02	1997	Matcha Green Tea	3		7	1
1866	2023-05-11 14:11:58.282817+02	1996	S'mores	3		7	1
1867	2023-05-11 14:11:58.284124+02	1995	Pumpkin Spice	3		7	1
1868	2023-05-11 14:11:58.285474+02	1994	Chocolate Chip	3		7	1
1869	2023-05-11 14:11:58.286697+02	1993	Vanilla Bean	3		7	1
1870	2023-05-11 14:11:58.287792+02	1992	Lemon Zest	3		7	1
1871	2023-05-11 14:11:58.288829+02	1991	Maple Bacon	3		7	1
1872	2023-05-11 14:11:58.289987+02	1990	Boston Cream	3		7	1
1873	2023-05-11 14:11:58.292538+02	1989	Pistachio Honey	3		7	1
1874	2023-05-11 14:11:58.293943+02	1988	Cinnamon Sugar	3		7	1
1875	2023-05-11 14:11:58.294751+02	1987	Pistachio Honey	3		7	1
1876	2023-05-11 14:11:58.295518+02	1986	Vanilla Bean	3		7	1
1877	2023-05-11 14:11:58.296264+02	1985	Blueberry Cake	3		7	1
1878	2023-05-11 14:11:58.297302+02	1984	Pumpkin Spice	3		7	1
1879	2023-05-11 14:11:58.298592+02	1983	Pistachio Honey	3		7	1
1880	2023-05-11 14:11:58.299822+02	1982	Vanilla Bean	3		7	1
1881	2023-05-11 14:11:58.30107+02	1981	Matcha Green Tea	3		7	1
1882	2023-05-11 14:11:58.302132+02	1980	Apple Fritter	3		7	1
1883	2023-05-11 14:11:58.303312+02	1979	Chocolate Sprinkles	3		7	1
1884	2023-05-11 14:11:58.30451+02	1978	S'mores	3		7	1
1885	2023-05-11 14:11:58.305705+02	1977	Pistachio Honey	3		7	1
1886	2023-05-11 14:11:58.306903+02	1976	Salted Caramel	3		7	1
1887	2023-05-11 14:11:58.30804+02	1975	Red Velvet	3		7	1
1888	2023-05-11 14:11:58.310007+02	1974	Maple Bacon	3		7	1
1889	2023-05-11 14:11:58.311279+02	1973	Boston Cream	3		7	1
1890	2023-05-11 14:11:58.312514+02	1972	Oreo	3		7	1
1891	2023-05-11 14:11:58.313807+02	1971	Lemon Zest	3		7	1
1892	2023-05-11 14:11:58.314995+02	1970	Red Velvet	3		7	1
1893	2023-05-11 14:11:58.316209+02	1969	Apple Fritter	3		7	1
1894	2023-05-11 14:11:58.317299+02	1968	Apple Fritter	3		7	1
1895	2023-05-11 14:11:58.318231+02	1967	Matcha Green Tea	3		7	1
1896	2023-05-11 14:11:58.319202+02	1966	Matcha Green Tea	3		7	1
1897	2023-05-11 14:11:58.320684+02	1965	Raspberry Jelly	3		7	1
1898	2023-05-11 14:11:58.321899+02	1964	Vanilla Bean	3		7	1
1899	2023-05-11 14:11:58.32295+02	1963	Matcha Green Tea	3		7	1
1900	2023-05-11 14:11:58.323852+02	1962	Pumpkin Spice	3		7	1
1901	2023-05-11 14:11:58.32501+02	1961	Matcha Green Tea	3		7	1
1902	2023-05-11 14:11:58.326829+02	1960	Tiramisu	3		7	1
1903	2023-05-11 14:11:58.328059+02	1959	Maple Bacon	3		7	1
1904	2023-05-11 14:11:58.32925+02	1958	Oreo	3		7	1
1905	2023-05-11 14:11:58.331219+02	1957	Pumpkin Spice	3		7	1
1906	2023-05-11 14:11:58.332291+02	1956	Apple Fritter	3		7	1
1907	2023-05-11 14:11:58.333245+02	1955	Blueberry Cake	3		7	1
1908	2023-05-11 14:11:58.334123+02	1954	Lemon Zest	3		7	1
1909	2023-05-11 14:11:58.335331+02	1953	Glazed	3		7	1
1910	2023-05-11 14:11:58.336678+02	1952	Glazed	3		7	1
1911	2023-05-11 14:11:58.337766+02	1951	Glazed	3		7	1
1912	2023-05-11 14:11:58.338564+02	1950	Cinnamon Sugar	3		7	1
1913	2023-05-11 14:11:58.339574+02	1949	Tiramisu	3		7	1
1914	2023-05-11 14:11:58.340526+02	1948	Pistachio Honey	3		7	1
1915	2023-05-11 14:11:58.341454+02	1947	Vanilla Bean	3		7	1
1916	2023-05-11 14:11:58.342709+02	1946	Lemon Zest	3		7	1
1917	2023-05-11 14:11:58.344759+02	1945	S'mores	3		7	1
1918	2023-05-11 14:11:58.345942+02	1944	Matcha Green Tea	3		7	1
1919	2023-05-11 14:11:58.346941+02	1943	Blueberry Cake	3		7	1
1920	2023-05-11 14:11:58.348007+02	1942	Oreo	3		7	1
1921	2023-05-11 14:11:58.349179+02	1941	Vanilla Bean	3		7	1
1922	2023-05-11 14:11:58.350517+02	1940	Maple Bacon	3		7	1
1923	2023-05-11 14:11:58.351869+02	1939	Lemon Zest	3		7	1
1924	2023-05-11 14:11:58.352934+02	1938	S'mores	3		7	1
1925	2023-05-11 14:11:58.354174+02	1937	Red Velvet	3		7	1
1926	2023-05-11 14:11:58.355126+02	1936	Glazed	3		7	1
1927	2023-05-11 14:11:58.356402+02	1935	Vanilla Bean	3		7	1
1928	2023-05-11 14:11:58.357858+02	1934	Pistachio Honey	3		7	1
1929	2023-05-11 14:11:58.359072+02	1933	Blueberry Cake	3		7	1
1930	2023-05-11 14:11:58.360633+02	1932	Strawberry Shortcake	3		7	1
1931	2023-05-11 14:11:58.361442+02	1931	Raspberry Jelly	3		7	1
1932	2023-05-11 14:11:58.362129+02	1930	Oreo	3		7	1
1933	2023-05-11 14:11:58.362787+02	1929	Raspberry Jelly	3		7	1
1934	2023-05-11 14:11:58.363512+02	1928	Matcha Green Tea	3		7	1
1935	2023-05-11 14:11:58.364473+02	1927	Glazed	3		7	1
1936	2023-05-11 14:11:58.365448+02	1926	Apple Fritter	3		7	1
1937	2023-05-11 14:11:58.366747+02	1925	Red Velvet	3		7	1
1938	2023-05-11 14:11:58.368233+02	1924	Maple Bacon	3		7	1
1939	2023-05-11 14:11:58.369197+02	1923	Matcha Green Tea	3		7	1
1940	2023-05-11 14:11:58.370469+02	1922	Pumpkin Spice	3		7	1
1941	2023-05-11 14:11:58.371555+02	1921	Boston Cream	3		7	1
1942	2023-05-11 14:11:58.372543+02	1920	Pumpkin Spice	3		7	1
1943	2023-05-11 14:11:58.373879+02	1919	Strawberry Shortcake	3		7	1
1944	2023-05-11 14:11:58.37496+02	1918	Red Velvet	3		7	1
1945	2023-05-11 14:11:58.376164+02	1917	Oreo	3		7	1
1946	2023-05-11 14:11:58.377415+02	1916	S'mores	3		7	1
1947	2023-05-11 14:11:58.378797+02	1915	Strawberry Shortcake	3		7	1
1948	2023-05-11 14:11:58.380188+02	1914	Matcha Green Tea	3		7	1
1949	2023-05-11 14:12:05.17522+02	1913	S'mores	3		7	1
1950	2023-05-11 14:12:05.178482+02	1912	Tiramisu	3		7	1
1951	2023-05-11 14:12:05.179785+02	1911	Pistachio Honey	3		7	1
1952	2023-05-11 14:12:05.181166+02	1910	Glazed	3		7	1
1953	2023-05-11 14:12:05.182551+02	1909	Maple Bacon	3		7	1
1954	2023-05-11 14:12:05.183686+02	1908	Pistachio Honey	3		7	1
1955	2023-05-11 14:12:05.184927+02	1907	Tiramisu	3		7	1
1956	2023-05-11 14:12:05.185718+02	1906	Chocolate Chip	3		7	1
1957	2023-05-11 14:12:05.18664+02	1905	Matcha Green Tea	3		7	1
1958	2023-05-11 14:12:05.187806+02	1904	Red Velvet	3		7	1
1959	2023-05-11 14:12:05.188894+02	1903	S'mores	3		7	1
1960	2023-05-11 14:12:05.189892+02	1902	Pistachio Honey	3		7	1
1961	2023-05-11 14:12:05.19076+02	1901	Glazed	3		7	1
1962	2023-05-11 14:12:05.191656+02	1900	Boston Cream	3		7	1
1963	2023-05-11 14:12:05.192882+02	1899	Boston Cream	3		7	1
1964	2023-05-11 14:12:05.194148+02	1898	Salted Caramel	3		7	1
1965	2023-05-11 14:12:05.195655+02	1897	Maple Bacon	3		7	1
1966	2023-05-11 14:12:05.196896+02	1896	Cinnamon Sugar	3		7	1
1967	2023-05-11 14:12:05.199065+02	1895	Salted Caramel	3		7	1
1968	2023-05-11 14:12:05.200636+02	1894	Red Velvet	3		7	1
1969	2023-05-11 14:12:05.201482+02	1893	Lemon Zest	3		7	1
1970	2023-05-11 14:12:05.202251+02	1892	Boston Cream	3		7	1
1971	2023-05-11 14:12:05.203+02	1891	Chocolate Chip	3		7	1
1972	2023-05-11 14:12:05.204131+02	1890	S'mores	3		7	1
1973	2023-05-11 14:12:05.205262+02	1889	Matcha Green Tea	3		7	1
1974	2023-05-11 14:12:05.206769+02	1888	Tiramisu	3		7	1
1975	2023-05-11 14:12:05.207854+02	1887	Boston Cream	3		7	1
1976	2023-05-11 14:12:05.209068+02	1886	Lemon Zest	3		7	1
1977	2023-05-11 14:12:05.210085+02	1885	Blueberry Cake	3		7	1
1978	2023-05-11 14:12:05.211154+02	1884	Maple Bacon	3		7	1
1979	2023-05-11 14:12:05.212711+02	1883	Pistachio Honey	3		7	1
1980	2023-05-11 14:12:05.214132+02	1882	Pistachio Honey	3		7	1
1981	2023-05-11 14:12:05.215327+02	1881	Chocolate Sprinkles	3		7	1
1982	2023-05-11 14:12:05.216662+02	1880	Blueberry Cake	3		7	1
1983	2023-05-11 14:12:05.217664+02	1879	Lemon Zest	3		7	1
1984	2023-05-11 14:12:05.219275+02	1878	Boston Cream	3		7	1
1985	2023-05-11 14:12:05.220043+02	1877	Maple Bacon	3		7	1
1986	2023-05-11 14:12:05.220964+02	1876	Lemon Zest	3		7	1
1987	2023-05-11 14:12:05.222197+02	1875	Apple Fritter	3		7	1
1988	2023-05-11 14:12:05.22327+02	1874	Salted Caramel	3		7	1
1989	2023-05-11 14:12:05.224259+02	1873	Oreo	3		7	1
1990	2023-05-11 14:12:05.225442+02	1872	Pistachio Honey	3		7	1
1991	2023-05-11 14:12:05.226492+02	1871	Pumpkin Spice	3		7	1
1992	2023-05-11 14:12:05.227515+02	1870	Maple Bacon	3		7	1
1993	2023-05-11 14:12:05.228818+02	1869	Vanilla Bean	3		7	1
1994	2023-05-11 14:12:05.230107+02	1868	Red Velvet	3		7	1
1995	2023-05-11 14:12:05.230879+02	1867	Cinnamon Sugar	3		7	1
1996	2023-05-11 14:12:05.231629+02	1866	Chocolate Chip	3		7	1
1997	2023-05-11 14:12:05.232297+02	1865	Blueberry Cake	3		7	1
1998	2023-05-11 14:12:05.233213+02	1864	Apple Fritter	3		7	1
1999	2023-05-11 14:12:05.234066+02	1863	Lemon Zest	3		7	1
2000	2023-05-11 14:12:05.235237+02	1862	Raspberry Jelly	3		7	1
2001	2023-05-11 14:12:05.23643+02	1861	Tiramisu	3		7	1
2002	2023-05-11 14:12:05.237703+02	1860	Strawberry Shortcake	3		7	1
2003	2023-05-11 14:12:05.239119+02	1859	Oreo	3		7	1
2004	2023-05-11 14:12:05.239999+02	1858	Glazed	3		7	1
2005	2023-05-11 14:12:05.241072+02	1857	Matcha Green Tea	3		7	1
2006	2023-05-11 14:12:05.241932+02	1856	Apple Fritter	3		7	1
2007	2023-05-11 14:12:05.243339+02	1855	Pistachio Honey	3		7	1
2008	2023-05-11 14:12:05.244411+02	1854	Tiramisu	3		7	1
2009	2023-05-11 14:12:05.245613+02	1853	Oreo	3		7	1
2010	2023-05-11 14:12:05.246651+02	1852	S'mores	3		7	1
2011	2023-05-11 14:12:05.248136+02	1851	Oreo	3		7	1
2012	2023-05-11 14:12:05.249484+02	1850	Glazed	3		7	1
2013	2023-05-11 14:12:05.250806+02	1849	Maple Bacon	3		7	1
2014	2023-05-11 14:12:05.251573+02	1848	S'mores	3		7	1
2015	2023-05-11 14:12:05.252473+02	1847	Glazed	3		7	1
2016	2023-05-11 14:12:05.253474+02	1846	Glazed	3		7	1
2017	2023-05-11 14:12:05.254341+02	1845	Boston Cream	3		7	1
2018	2023-05-11 14:12:05.255297+02	1844	Chocolate Chip	3		7	1
2019	2023-05-11 14:12:05.256534+02	1843	S'mores	3		7	1
2020	2023-05-11 14:12:05.257708+02	1842	Oreo	3		7	1
2021	2023-05-11 14:12:05.259952+02	1841	Boston Cream	3		7	1
2022	2023-05-11 14:12:05.261191+02	1840	Oreo	3		7	1
2023	2023-05-11 14:12:05.262307+02	1839	Strawberry Shortcake	3		7	1
2024	2023-05-11 14:12:05.263304+02	1838	Lemon Zest	3		7	1
2025	2023-05-11 14:12:05.264623+02	1837	Tiramisu	3		7	1
2026	2023-05-11 14:12:05.265571+02	1836	Glazed	3		7	1
2027	2023-05-11 14:12:05.266768+02	1835	Matcha Green Tea	3		7	1
2028	2023-05-11 14:12:05.268025+02	1834	Raspberry Jelly	3		7	1
2029	2023-05-11 14:12:05.269291+02	1833	Chocolate Sprinkles	3		7	1
2030	2023-05-11 14:12:05.27057+02	1832	Raspberry Jelly	3		7	1
2031	2023-05-11 14:12:05.271555+02	1831	Boston Cream	3		7	1
2032	2023-05-11 14:12:05.272497+02	1830	Blueberry Cake	3		7	1
2033	2023-05-11 14:12:05.273524+02	1829	Matcha Green Tea	3		7	1
2034	2023-05-11 14:12:05.274388+02	1828	Maple Bacon	3		7	1
2035	2023-05-11 14:12:05.275859+02	1827	Salted Caramel	3		7	1
2036	2023-05-11 14:12:05.276964+02	1826	S'mores	3		7	1
2037	2023-05-11 14:12:05.278309+02	1825	S'mores	3		7	1
2038	2023-05-11 14:12:05.279442+02	1824	Pumpkin Spice	3		7	1
2039	2023-05-11 14:12:05.280451+02	1823	Strawberry Shortcake	3		7	1
2040	2023-05-11 14:12:05.281607+02	1822	Lemon Zest	3		7	1
2041	2023-05-11 14:12:05.283231+02	1821	Tiramisu	3		7	1
2042	2023-05-11 14:12:05.284171+02	1820	Glazed	3		7	1
2043	2023-05-11 14:12:05.28496+02	1819	Strawberry Shortcake	3		7	1
2044	2023-05-11 14:12:05.285699+02	1818	Pistachio Honey	3		7	1
2045	2023-05-11 14:12:05.286437+02	1817	Pistachio Honey	3		7	1
2046	2023-05-11 14:12:05.28735+02	1816	Maple Bacon	3		7	1
2047	2023-05-11 14:12:05.288543+02	1815	Pumpkin Spice	3		7	1
2048	2023-05-11 14:12:05.289862+02	1814	S'mores	3		7	1
2049	2023-05-11 14:13:46.459944+02	2213	Pistachio Honey	3		7	1
2050	2023-05-11 14:13:46.461612+02	2212	Apple Fritter	3		7	1
2051	2023-05-11 14:13:46.46264+02	2211	Matcha Green Tea	3		7	1
2052	2023-05-11 14:13:46.463816+02	2210	Maple Bacon	3		7	1
2053	2023-05-11 14:13:46.465519+02	2209	Red Velvet	3		7	1
2054	2023-05-11 14:13:46.466767+02	2208	Chocolate Chip	3		7	1
2055	2023-05-11 14:13:46.468063+02	2207	Chocolate Chip	3		7	1
2056	2023-05-11 14:13:46.469245+02	2206	Tiramisu	3		7	1
2057	2023-05-11 14:13:46.470308+02	2205	Boston Cream	3		7	1
2058	2023-05-11 14:13:46.471666+02	2204	Apple Fritter	3		7	1
2059	2023-05-11 14:13:46.472666+02	2203	Raspberry Jelly	3		7	1
2060	2023-05-11 14:13:46.473768+02	2202	Lemon Zest	3		7	1
2061	2023-05-11 14:13:46.474778+02	2201	Chocolate Sprinkles	3		7	1
2062	2023-05-11 14:13:46.475688+02	2200	Apple Fritter	3		7	1
2063	2023-05-11 14:13:46.476617+02	2199	Maple Bacon	3		7	1
2064	2023-05-11 14:13:46.477839+02	2198	S'mores	3		7	1
2065	2023-05-11 14:13:46.478874+02	2197	Pistachio Honey	3		7	1
2066	2023-05-11 14:13:46.48007+02	2196	Blueberry Cake	3		7	1
2067	2023-05-11 14:13:46.481304+02	2195	Red Velvet	3		7	1
2068	2023-05-11 14:13:46.482623+02	2194	Chocolate Sprinkles	3		7	1
2069	2023-05-11 14:13:46.484054+02	2193	Glazed	3		7	1
2070	2023-05-11 14:13:46.484833+02	2192	Maple Bacon	3		7	1
2071	2023-05-11 14:13:46.48551+02	2191	S'mores	3		7	1
2072	2023-05-11 14:13:46.486186+02	2190	Blueberry Cake	3		7	1
2073	2023-05-11 14:13:46.486987+02	2189	Tiramisu	3		7	1
2074	2023-05-11 14:13:46.487868+02	2188	Chocolate Chip	3		7	1
2075	2023-05-11 14:13:46.489253+02	2187	Cinnamon Sugar	3		7	1
2076	2023-05-11 14:13:46.490644+02	2186	Chocolate Chip	3		7	1
2077	2023-05-11 14:13:46.491964+02	2185	Pistachio Honey	3		7	1
2078	2023-05-11 14:13:46.493294+02	2184	Pistachio Honey	3		7	1
2079	2023-05-11 14:13:46.49445+02	2183	Strawberry Shortcake	3		7	1
2080	2023-05-11 14:13:46.495589+02	2182	S'mores	3		7	1
2081	2023-05-11 14:13:46.496871+02	2181	Tiramisu	3		7	1
2082	2023-05-11 14:13:46.501568+02	2180	Matcha Green Tea	3		7	1
2083	2023-05-11 14:13:46.50381+02	2179	Vanilla Bean	3		7	1
2084	2023-05-11 14:13:46.505134+02	2178	Pistachio Honey	3		7	1
2085	2023-05-11 14:13:46.506675+02	2177	S'mores	3		7	1
2086	2023-05-11 14:13:46.507893+02	2176	Matcha Green Tea	3		7	1
2087	2023-05-11 14:13:46.50927+02	2175	Boston Cream	3		7	1
2088	2023-05-11 14:13:46.510487+02	2174	Raspberry Jelly	3		7	1
2089	2023-05-11 14:13:46.511523+02	2173	Strawberry Shortcake	3		7	1
2090	2023-05-11 14:13:46.512623+02	2172	Tiramisu	3		7	1
2091	2023-05-11 14:13:46.513998+02	2171	Red Velvet	3		7	1
2092	2023-05-11 14:13:46.515321+02	2170	Pumpkin Spice	3		7	1
2093	2023-05-11 14:13:46.516551+02	2169	Apple Fritter	3		7	1
2094	2023-05-11 14:13:46.51762+02	2168	Strawberry Shortcake	3		7	1
2095	2023-05-11 14:13:46.518564+02	2167	Lemon Zest	3		7	1
2096	2023-05-11 14:13:46.519601+02	2166	Apple Fritter	3		7	1
2097	2023-05-11 14:13:46.521085+02	2165	Red Velvet	3		7	1
2098	2023-05-11 14:13:46.522207+02	2164	Lemon Zest	3		7	1
2099	2023-05-11 14:13:46.523053+02	2163	Tiramisu	3		7	1
2100	2023-05-11 14:13:46.523764+02	2162	Red Velvet	3		7	1
2101	2023-05-11 14:13:46.524528+02	2161	Matcha Green Tea	3		7	1
2102	2023-05-11 14:13:46.525418+02	2160	Pumpkin Spice	3		7	1
2103	2023-05-11 14:13:46.526521+02	2159	Maple Bacon	3		7	1
2104	2023-05-11 14:13:46.527533+02	2158	S'mores	3		7	1
2105	2023-05-11 14:13:46.529092+02	2157	Pistachio Honey	3		7	1
2106	2023-05-11 14:13:46.530649+02	2156	Matcha Green Tea	3		7	1
2107	2023-05-11 14:13:46.531859+02	2155	Tiramisu	3		7	1
2108	2023-05-11 14:13:46.533098+02	2154	Pistachio Honey	3		7	1
2109	2023-05-11 14:13:46.534332+02	2153	Salted Caramel	3		7	1
2110	2023-05-11 14:13:46.535648+02	2152	Boston Cream	3		7	1
2111	2023-05-11 14:13:46.536731+02	2151	Strawberry Shortcake	3		7	1
2112	2023-05-11 14:13:46.537852+02	2150	Oreo	3		7	1
2113	2023-05-11 14:13:46.539073+02	2149	Chocolate Chip	3		7	1
2114	2023-05-11 14:13:46.540446+02	2148	Cinnamon Sugar	3		7	1
2115	2023-05-11 14:13:46.541964+02	2147	Glazed	3		7	1
2116	2023-05-11 14:13:46.542912+02	2146	Blueberry Cake	3		7	1
2117	2023-05-11 14:13:46.543989+02	2145	Oreo	3		7	1
2118	2023-05-11 14:13:46.545217+02	2144	Apple Fritter	3		7	1
2119	2023-05-11 14:13:46.546519+02	2143	Strawberry Shortcake	3		7	1
2120	2023-05-11 14:13:46.54768+02	2142	Pistachio Honey	3		7	1
2121	2023-05-11 14:13:46.548932+02	2141	Apple Fritter	3		7	1
2122	2023-05-11 14:13:46.550173+02	2140	Cinnamon Sugar	3		7	1
2123	2023-05-11 14:13:46.551297+02	2139	Chocolate Chip	3		7	1
2124	2023-05-11 14:13:46.552655+02	2138	Boston Cream	3		7	1
2125	2023-05-11 14:13:46.554039+02	2137	Pistachio Honey	3		7	1
2126	2023-05-11 14:13:46.555336+02	2136	Matcha Green Tea	3		7	1
2127	2023-05-11 14:13:46.556459+02	2135	Vanilla Bean	3		7	1
2128	2023-05-11 14:13:46.563397+02	2134	Chocolate Chip	3		7	1
2129	2023-05-11 14:13:46.565305+02	2133	Lemon Zest	3		7	1
2130	2023-05-11 14:13:46.56644+02	2132	Vanilla Bean	3		7	1
2131	2023-05-11 14:13:46.567538+02	2131	Pistachio Honey	3		7	1
2132	2023-05-11 14:13:46.568473+02	2130	Strawberry Shortcake	3		7	1
2133	2023-05-11 14:13:46.569547+02	2129	Blueberry Cake	3		7	1
2134	2023-05-11 14:13:46.570699+02	2128	Vanilla Bean	3		7	1
2135	2023-05-11 14:13:46.572082+02	2127	Pistachio Honey	3		7	1
2136	2023-05-11 14:13:46.572949+02	2126	Pumpkin Spice	3		7	1
2137	2023-05-11 14:13:46.573766+02	2125	Vanilla Bean	3		7	1
2138	2023-05-11 14:13:46.574451+02	2124	Matcha Green Tea	3		7	1
2139	2023-05-11 14:13:46.575468+02	2123	Cinnamon Sugar	3		7	1
2140	2023-05-11 14:13:46.576637+02	2122	Pumpkin Spice	3		7	1
2141	2023-05-11 14:13:46.577662+02	2121	Cinnamon Sugar	3		7	1
2142	2023-05-11 14:13:46.578603+02	2120	Pistachio Honey	3		7	1
2143	2023-05-11 14:13:46.579747+02	2119	Tiramisu	3		7	1
2144	2023-05-11 14:13:46.580763+02	2118	Apple Fritter	3		7	1
2145	2023-05-11 14:13:46.583541+02	2117	Maple Bacon	3		7	1
2146	2023-05-11 14:13:46.584737+02	2116	Pistachio Honey	3		7	1
2147	2023-05-11 14:13:46.586004+02	2115	Glazed	3		7	1
2148	2023-05-11 14:13:46.587098+02	2114	Apple Fritter	3		7	1
2149	2023-05-11 14:13:51.853018+02	2113	Blueberry Cake	3		7	1
2150	2023-05-11 14:13:51.857464+02	2112	Red Velvet	3		7	1
2151	2023-05-11 14:13:51.858934+02	2111	S'mores	3		7	1
2152	2023-05-11 14:13:51.860286+02	2110	Chocolate Chip	3		7	1
2153	2023-05-11 14:13:51.86167+02	2109	Maple Bacon	3		7	1
2154	2023-05-11 14:13:51.862938+02	2108	Strawberry Shortcake	3		7	1
2155	2023-05-11 14:13:51.864234+02	2107	Lemon Zest	3		7	1
2156	2023-05-11 14:13:51.865228+02	2106	Chocolate Sprinkles	3		7	1
2157	2023-05-11 14:13:51.866397+02	2105	Apple Fritter	3		7	1
2158	2023-05-11 14:13:51.867644+02	2104	Raspberry Jelly	3		7	1
2159	2023-05-11 14:13:51.869043+02	2103	Red Velvet	3		7	1
2160	2023-05-11 14:13:51.870246+02	2102	Salted Caramel	3		7	1
2161	2023-05-11 14:13:51.871676+02	2101	Blueberry Cake	3		7	1
2162	2023-05-11 14:13:51.873405+02	2100	Pistachio Honey	3		7	1
2163	2023-05-11 14:13:51.874715+02	2099	Strawberry Shortcake	3		7	1
2164	2023-05-11 14:13:51.875823+02	2098	Blueberry Cake	3		7	1
2165	2023-05-11 14:13:51.876979+02	2097	Salted Caramel	3		7	1
2166	2023-05-11 14:13:51.878176+02	2096	Blueberry Cake	3		7	1
2167	2023-05-11 14:13:51.879383+02	2095	Blueberry Cake	3		7	1
2168	2023-05-11 14:13:51.880524+02	2094	Pumpkin Spice	3		7	1
2169	2023-05-11 14:13:51.88196+02	2093	Pumpkin Spice	3		7	1
2170	2023-05-11 14:13:51.883208+02	2092	Salted Caramel	3		7	1
2171	2023-05-11 14:13:51.88466+02	2091	Glazed	3		7	1
2172	2023-05-11 14:13:51.885503+02	2090	Maple Bacon	3		7	1
2173	2023-05-11 14:13:51.886649+02	2089	Maple Bacon	3		7	1
2174	2023-05-11 14:13:51.888318+02	2088	Glazed	3		7	1
2175	2023-05-11 14:13:51.890451+02	2087	Cinnamon Sugar	3		7	1
2176	2023-05-11 14:13:51.891683+02	2086	Strawberry Shortcake	3		7	1
2177	2023-05-11 14:13:51.892802+02	2085	Matcha Green Tea	3		7	1
2178	2023-05-11 14:13:51.893841+02	2084	Chocolate Sprinkles	3		7	1
2179	2023-05-11 14:13:51.894764+02	2083	Chocolate Chip	3		7	1
2180	2023-05-11 14:13:51.895949+02	2082	Lemon Zest	3		7	1
2181	2023-05-11 14:13:51.896967+02	2081	Glazed	3		7	1
2182	2023-05-11 14:13:51.897744+02	2080	S'mores	3		7	1
2183	2023-05-11 14:13:51.89862+02	2079	Salted Caramel	3		7	1
2184	2023-05-11 14:13:51.899868+02	2078	S'mores	3		7	1
2185	2023-05-11 14:13:51.901167+02	2077	Oreo	3		7	1
2186	2023-05-11 14:13:51.902501+02	2076	Cinnamon Sugar	3		7	1
2187	2023-05-11 14:13:51.903495+02	2075	Red Velvet	3		7	1
2188	2023-05-11 14:13:51.905217+02	2074	Apple Fritter	3		7	1
2189	2023-05-11 14:13:51.907055+02	2073	Chocolate Sprinkles	3		7	1
2190	2023-05-11 14:13:51.908197+02	2072	Cinnamon Sugar	3		7	1
2191	2023-05-11 14:13:51.909001+02	2071	Boston Cream	3		7	1
2192	2023-05-11 14:13:51.909733+02	2070	Glazed	3		7	1
2193	2023-05-11 14:13:51.910515+02	2069	Pumpkin Spice	3		7	1
2194	2023-05-11 14:13:51.911318+02	2068	Cinnamon Sugar	3		7	1
2195	2023-05-11 14:13:51.912066+02	2067	Chocolate Sprinkles	3		7	1
2196	2023-05-11 14:13:51.912886+02	2066	Chocolate Sprinkles	3		7	1
2197	2023-05-11 14:13:51.91384+02	2065	Raspberry Jelly	3		7	1
2198	2023-05-11 14:13:51.915089+02	2064	Chocolate Sprinkles	3		7	1
2199	2023-05-11 14:13:51.916561+02	2063	Pistachio Honey	3		7	1
2200	2023-05-11 14:13:51.917462+02	2062	Maple Bacon	3		7	1
2201	2023-05-11 14:13:51.918238+02	2061	Pistachio Honey	3		7	1
2202	2023-05-11 14:13:51.919122+02	2060	Strawberry Shortcake	3		7	1
2203	2023-05-11 14:13:51.920074+02	2059	Oreo	3		7	1
2204	2023-05-11 14:13:51.921325+02	2058	Boston Cream	3		7	1
2205	2023-05-11 14:13:51.922547+02	2057	Cinnamon Sugar	3		7	1
2206	2023-05-11 14:13:51.923741+02	2056	Chocolate Sprinkles	3		7	1
2207	2023-05-11 14:13:51.924718+02	2055	Salted Caramel	3		7	1
2208	2023-05-11 14:13:51.926064+02	2054	Chocolate Sprinkles	3		7	1
2209	2023-05-11 14:13:51.926984+02	2053	Strawberry Shortcake	3		7	1
2210	2023-05-11 14:13:51.928559+02	2052	Red Velvet	3		7	1
2211	2023-05-11 14:13:51.929913+02	2051	S'mores	3		7	1
2212	2023-05-11 14:13:51.931124+02	2050	Red Velvet	3		7	1
2213	2023-05-11 14:13:51.933556+02	2049	Strawberry Shortcake	3		7	1
2214	2023-05-11 14:13:51.93438+02	2048	Chocolate Sprinkles	3		7	1
2215	2023-05-11 14:13:51.935137+02	2047	Lemon Zest	3		7	1
2216	2023-05-11 14:13:51.935857+02	2046	Cinnamon Sugar	3		7	1
2217	2023-05-11 14:13:51.93668+02	2045	Boston Cream	3		7	1
2218	2023-05-11 14:13:51.937717+02	2044	Pistachio Honey	3		7	1
2219	2023-05-11 14:13:51.939124+02	2043	Pistachio Honey	3		7	1
2220	2023-05-11 14:13:51.940565+02	2042	Strawberry Shortcake	3		7	1
2221	2023-05-11 14:13:51.941525+02	2041	Salted Caramel	3		7	1
2222	2023-05-11 14:13:51.942222+02	2040	Maple Bacon	3		7	1
2223	2023-05-11 14:13:51.942954+02	2039	Raspberry Jelly	3		7	1
2224	2023-05-11 14:13:51.943658+02	2038	Cinnamon Sugar	3		7	1
2225	2023-05-11 14:13:51.944356+02	2037	Apple Fritter	3		7	1
2226	2023-05-11 14:13:51.945126+02	2036	Cinnamon Sugar	3		7	1
2227	2023-05-11 14:13:51.945961+02	2035	Vanilla Bean	3		7	1
2228	2023-05-11 14:13:51.946816+02	2034	Maple Bacon	3		7	1
2229	2023-05-11 14:13:51.947654+02	2033	Pistachio Honey	3		7	1
2230	2023-05-11 14:13:51.948763+02	2032	Chocolate Chip	3		7	1
2231	2023-05-11 14:13:51.949576+02	2031	Boston Cream	3		7	1
2232	2023-05-11 14:13:51.950473+02	2030	Glazed	3		7	1
2233	2023-05-11 14:13:51.951845+02	2029	Apple Fritter	3		7	1
2234	2023-05-11 14:13:51.952918+02	2028	S'mores	3		7	1
2235	2023-05-11 14:13:51.95552+02	2027	Red Velvet	3		7	1
2236	2023-05-11 14:13:51.956901+02	2026	Pistachio Honey	3		7	1
2237	2023-05-11 14:13:51.957802+02	2025	Raspberry Jelly	3		7	1
2238	2023-05-11 14:13:51.958787+02	2024	Pistachio Honey	3		7	1
2239	2023-05-11 14:13:51.960852+02	2023	Apple Fritter	3		7	1
2240	2023-05-11 14:13:51.961904+02	2022	Apple Fritter	3		7	1
2241	2023-05-11 14:13:51.963011+02	2021	Salted Caramel	3		7	1
2242	2023-05-11 14:13:51.964026+02	2020	Salted Caramel	3		7	1
2243	2023-05-11 14:13:51.96503+02	2019	Pistachio Honey	3		7	1
2244	2023-05-11 14:13:51.965903+02	2018	Boston Cream	3		7	1
2245	2023-05-11 14:13:51.966913+02	2017	Boston Cream	3		7	1
2246	2023-05-11 14:13:51.967775+02	2016	Maple Bacon	3		7	1
2247	2023-05-11 14:13:51.968678+02	2015	Raspberry Jelly	3		7	1
2248	2023-05-11 14:13:51.969683+02	2014	Chocolate Sprinkles	3		7	1
2249	2023-05-12 09:35:27.312002+02	39	Order #39	3		8	1
2250	2023-05-12 09:35:27.314901+02	38	Order #38	3		8	1
2251	2023-05-12 09:35:27.316184+02	37	Order #37	3		8	1
2252	2023-05-12 09:35:27.317724+02	36	Order #36	3		8	1
2253	2023-05-12 09:35:27.319258+02	34	Order #34	3		8	1
2254	2023-05-12 09:35:27.320599+02	32	Order #32	3		8	1
2255	2023-05-12 09:35:27.321923+02	30	Order #30	3		8	1
2256	2023-05-12 09:36:03.837343+02	49	4 x Lemon Zest for order #40	3		9	1
2257	2023-05-12 09:36:03.840238+02	48	1 x Vanilla Bean for order #40	3		9	1
2258	2023-05-12 09:36:03.841555+02	47	1 x Oreo for order #40	3		9	1
2259	2023-05-12 09:36:09.386791+02	40	Order #40	3		8	1
2260	2023-05-12 09:38:34.573788+02	42	Order #42	3		8	1
2261	2023-05-12 09:38:34.577226+02	41	Order #41	3		8	1
2262	2023-05-12 09:40:33.282256+02	48	Order #48	3		8	1
\.


--
-- Data for Name: django_content_type; Type: TABLE DATA; Schema: public; Owner: mykolachernov
--

COPY public.django_content_type (id, app_label, model) FROM stdin;
1	admin	logentry
2	auth	permission
3	auth	group
4	auth	user
5	contenttypes	contenttype
6	sessions	session
7	donut_app	donut
8	donut_app	order
9	donut_app	orderitem
\.


--
-- Data for Name: django_migrations; Type: TABLE DATA; Schema: public; Owner: mykolachernov
--

COPY public.django_migrations (id, app, name, applied) FROM stdin;
1	contenttypes	0001_initial	2023-04-23 17:23:00.227262+02
2	auth	0001_initial	2023-04-23 17:23:00.29323+02
3	admin	0001_initial	2023-04-23 17:23:00.310962+02
4	admin	0002_logentry_remove_auto_add	2023-04-23 17:23:00.321732+02
5	admin	0003_logentry_add_action_flag_choices	2023-04-23 17:23:00.328977+02
6	admin	0004_auto_20230324_1345	2023-04-23 17:23:00.330916+02
7	contenttypes	0002_remove_content_type_name	2023-04-23 17:23:00.348369+02
8	auth	0002_alter_permission_name_max_length	2023-04-23 17:23:00.356853+02
9	auth	0003_alter_user_email_max_length	2023-04-23 17:23:00.364414+02
10	auth	0004_alter_user_username_opts	2023-04-23 17:23:00.372181+02
11	auth	0005_alter_user_last_login_null	2023-04-23 17:23:00.378575+02
12	auth	0006_require_contenttypes_0002	2023-04-23 17:23:00.380305+02
13	auth	0007_alter_validators_add_error_messages	2023-04-23 17:23:00.389299+02
14	auth	0008_alter_user_username_max_length	2023-04-23 17:23:00.399821+02
15	auth	0009_alter_user_last_name_max_length	2023-04-23 17:23:00.408529+02
16	auth	0010_alter_group_name_max_length	2023-04-23 17:23:00.415147+02
17	auth	0011_update_proxy_permissions	2023-04-23 17:23:00.422181+02
18	auth	0012_alter_user_first_name_max_length	2023-04-23 17:23:00.429161+02
19	sessions	0001_initial	2023-04-23 17:23:00.439935+02
20	donut_app	0001_initial	2023-04-23 17:23:15.836151+02
21	donut_app	0002_order	2023-04-26 09:59:03.787246+02
22	donut_app	0003_orderitem_and_more	2023-04-26 10:34:52.754347+02
23	donut_app	0004_alter_donut_name	2023-04-28 10:57:27.247125+02
24	donut_app	0005_remove_donut_name_remove_donut_title	2023-04-28 11:42:37.483098+02
25	donut_app	0006_donut_name_donut_title	2023-04-28 11:44:02.270522+02
26	donut_app	0007_alter_donut_name	2023-04-28 11:51:46.139801+02
27	donut_app	0008_alter_donut_allergens_alter_donut_description_and_more	2023-04-28 11:58:28.642264+02
28	donut_app	0009_alter_donut_labels	2023-05-03 11:41:37.807859+02
29	donut_app	0010_order_paid	2023-05-04 12:17:43.665595+02
30	donut_app	0011_order_session_id	2023-05-11 09:54:23.580357+02
\.


--
-- Data for Name: django_session; Type: TABLE DATA; Schema: public; Owner: mykolachernov
--

COPY public.django_session (session_key, session_data, expire_date) FROM stdin;
v0tkk30ivnpzclu7vist3rav9repv4e8	eyJjYXJ0Ijp7fX0:1psoQK:POJm-S4XHRNQp4vel6imhh5aaFoMa3vEIMR9rePGBgE	2023-05-13 19:31:52.150797+02
g9kn4tw6lgjjj59jz2j0inmouh3saq9u	eyJjYXJ0Ijp7fX0:1px4vl:b9SZYmJlam9lVCJWIAUxT12J5tazM8YmkeXNXF38hTk	2023-05-25 13:57:57.08995+02
x0o2v6m3o0ej0y3ltc58tlcm9z04q2v7	eyJjYXJ0Ijp7fX0:1puBMz:O3M57CzUUNW8Aiy3YuLfhGgsYCJZiMdWtVPmf-R_3F4	2023-05-17 14:14:05.818284+02
c2t0qa626cltfhllxuynhfxau1jseauz	.eJxVzMsOgjAQBdB_mTVp-qAvlu79BtLHVFADCmVhCP8uTUiU1ST3nrkrBDdlaFZghtXlvhc35D5_oBEVvKY-IDTAiLWwVQXJM-I_RH9InRH7X5I72lXrlty1y4xT28dSwCnzLjxwKEW8u-E2kjAOeeo9KYQc7UyuY8Tn5bCngc7N3f6tdPDa0NrIOmlkhlqlqGDJyCQksy4IjpFb60VMtXZeU-SUI1V7lBJF2L4MC1nG:1px17Y:myWFBsY3aAA2qUwbZIM3VpvS-vyjbhsi5zmAkllvtQU	2023-05-25 09:53:52.102314+02
dfrgj8971fzmbaaru200m77ca2ga7e7j	eyJjYXJ0Ijp7fX0:1ptvjp:8J3fXvpEwn6Fo9-2CiGqbPnwE1cbUL4KbnGQgB7qSY8	2023-05-16 21:32:37.107526+02
e2mghpnvzgisaifg1oo1hk52w7h62w0o	.eJyrVkpOLCpRsqpWMrQwNAHRhaWJeSWZJZVKVoY6SgVFmcmpSlZKhnqWlkq1OiBF5ngUmQIV1dYCACPqGMw:1px3G1:D-nEvRCVT_Rt73I_WiG1yLEa0B0dDlsIObRzIJ2juLM	2023-05-25 12:10:45.413148+02
gmv2gn7yqoagxdskh8h4pp0jmaz0rpd7	.eJxVjEEOgyAQRe8y64boILS47N4zmGEGim0DiejKePfWxI3b_977GzDNC_TbfoOR1iWNaw3zOAn00MJl88SfkA8gb8qvorjkZZ68OhR10qqGIuH7PN3LQaKa_rV93AWNYewYNTlpPOsotjVkjWZnvLFt9AExOMaGbKctOokxCnHEroH9ByVcO3Y:1pxPTc:v4Enn2k79I0qajNzP8ooSt96IppXq3__i04W9UdsGNw	2023-05-26 11:54:16.615777+02
gtjntd9ybkh64y75lq6jzc5l2scpmepc	.eJyrVkpOLCpRsqpWMrQwNAHRhaWJeSWZJZVKVoY6SgVFmcmpSlZKhnqWlkq1OiBFpjgVGYAV1dYCACO2GM0:1px4iD:BGMtOiokVR8f0CurFglpf6jiFHJX7zgnPVcwo0DxN6U	2023-05-25 13:43:57.660205+02
tkt2fls47hbj9iovag1iqmxftddgnkao	.eJxVjDsOgzAQBe-ydWStbfCHMn3OgNb2OiaJjMSnQtw9INHQzsx7G0SaFui2_QE9rUvp15mnfkjQgYQbCxS_XE-RPlTfo4hjXaYhiDMRl53Fa0z8e17t7aDQXI61sTFYh41rm2xZOvTGoJbZtVm30lPUipPyPuiUG0vBIitUjOZAOSPD_gcDszqh:1pxPqX:5uPfGjHxxRCk0dYmJYJbqnxKOt0jp0Sa9-I7j90S-Ok	2023-05-26 12:17:57.501882+02
bfj7eosdd7mgurfhk6hataxwp0beu2mn	.eJxVjDsOgzAQBe-ydWStbfCHMn3OgNb2OiaJjMSnQtw9INHQzsx7G0SaFui2_QE9rUvp15mnfkjQgYQbCxS_XE-RPlTfo4hjXaYhiDMRl53Fa0z8e17t7aDQXI61sTFYh41rm2xZOvTGoJbZtVm30lPUipPyPuiUG0vBIitUjOZAOSPD_gcDszqh:1puBHM:drlchLFt_JJhoLykfTTp9XS_9R3QkOcG5UuZbuiGmXs	2023-05-17 14:08:16.440575+02
vi2c3g6w4qllgbj4p32jjanhzj0yqelm	.eJxVjDkOgzAURO_ya2R5A9uU6XMG5OU7OIlMAqaIEHcPlmioRpr3Zjbwdi7Qb8A0kzW_q80llR_0vIHPnDxCD4wYA_vewGDXMg7rgvOQQgVw6Zz1L8wVhKfNj4n4KZc5OVIVctKF3KeA79vpXg5Gu4zHulPeKU2lbmVUyDQ1XUcFi7qNomXGesExcGOcCFEq6xRFTjnS7qhipAj7HxkvROY:1puTtQ:hReSUqa-sP9OK1J6747plWEE_p8Ul0TVH2C9hKeBIfA	2023-05-18 10:00:48.794348+02
ta02jrji5g7w44ma7zrhawo0vzwfgsxd	.eJx1zDsOgzAQBNC7bI0s2xh_KNPnDMifdXASQQKmiBB3D45oKFKtNPNmV_B2ytCuwDQT5b4XO-SUP9DyCl5T8ggtMGIMbFVBzV9Ef2hXnV1y3y0zTl0KZQ2nzFn_wKEU4W6H20j8OOQpOVIIOdqZXMeAz8thTw96O_f7WirvlKZCNyIqZJoaKWnNom5i3TBjfc0xcGNcHaJQ1imKnHKkco9ipAjbF9HYT1c:1pvdsO:JbR8EpXeEzzmjzL420QdhwstrDiSDlFnlbUUKyGA9nw	2023-05-21 14:52:32.469799+02
mb6o8icj1fblrs89gz4ts5wws9a8cfwy	.eJxVjMsOgyAQRf-FdUMGUB4uu-83mAGGYttAgroy_ns1cdFuzzn3bmzEdcnjOlMbp8gGJtjtl3kMbyqniC8sz8pDLUubPD8TftmZP2qkz_1q_w4yzvlYaxO8sdDZvkuGhAWnNSiRbJ9ULxwGJSlK57yKqTPoDZAESaAPlBLQcRqwLWzY9v0L9Hw6oQ:1psMKd:MZ9kxkZlawDFj1jF0z7mO0oV_CQJt05oz6DQKSrktuk	2023-05-12 13:32:07.215664+02
\.


--
-- Data for Name: donut_app_donut; Type: TABLE DATA; Schema: public; Owner: mykolachernov
--

COPY public.donut_app_donut (id, picture, description, stars, labels, ingredients, allergens, price, count, name, title) FROM stdin;
2217	pngimg.com - donut_PNG58.png	S'mores with gooey marshmallow and chocolate	1	GF	butter	wheat	1.59	21	Apple Fritter	Apple Fritter
2220	pngimg.com - donut_PNG31.png	Chocolate lover's dream with a rich cocoa glaze	4	BS	flour	wheat	2.59	25	Tiramisu	Tiramisu
2221	pngimg.com - donut_PNG11.png	Vanilla bean with a rich, creamy flavor	5	GF	milk	milk	2.59	36	Cinnamon Sugar	Cinnamon Sugar
2222	onlinelabels-clip-art-rainbow-sprinkles-donut-30.png	Classic glazed with a soft, fluffy texture	5	GF	flour	wheat	1.99	9	Strawberry Shortcake	Strawberry Shortcake
2223	pngimg.com - donut_PNG55.png	Matcha green tea with a subtle earthy taste	5	BS	sugar	milk	2.99	11	Tiramisu	Tiramisu
2224	pngimg.com - donut_PNG62.png	Vanilla bean with a rich, creamy flavor	2	BS	milk	soy	1.99	100	Blueberry Cake	Blueberry Cake
2225	Donut-PNG-Transparent.png	Cinnamon sugar with a sweet and spicy crunch	2	GF	flour	eggs	2.59	81	Matcha Green Tea	Matcha Green Tea
2226	Donut-PNG-Transparent.png	Maple bacon with savory bits of crispy bacon	3	GF	milk	milk	2.99	18	Boston Cream	Boston Cream
2227	pngimg.com - donut_PNG28.png	Maple bacon with savory bits of crispy bacon	2	BS	milk	milk	1.99	80	Vanilla Bean	Vanilla Bean
2228	1968410_1d7db.png	Vanilla bean with a rich, creamy flavor	5	GF	sugar	soy	0.99	52	Chocolate Sprinkles	Chocolate Sprinkles
2229	pngimg.com - donut_PNG60.png	Strawberry shortcake with layers of fluffy cake	4	BS	eggs	milk	0.99	43	Apple Fritter	Apple Fritter
2230	pngimg.com - donut_PNG11.png	Vanilla bean with a rich, creamy flavor	3	BS	flour	nuts	2.59	71	Pumpkin Spice	Pumpkin Spice
2231	Donut-PNG-Transparent.png	Chocolate lover's dream with a rich cocoa glaze	2	BS	butter	wheat	0.99	28	Pistachio Honey	Pistachio Honey
2232	onlinelabels-clip-art-rainbow-sprinkles-donut-30.png	Lemon zest with a zingy citrus flavor	2	BS	sugar	wheat	1.59	17	Cinnamon Sugar	Cinnamon Sugar
2233	pngimg.com - donut_PNG62.png	Apple fritter with chunks of juicy apple	2	BS	eggs	milk	0.99	13	Matcha Green Tea	Matcha Green Tea
2234	pngimg.com - donut_PNG2.png	Chocolate lover's dream with a rich cocoa glaze	3	BS	sugar	wheat	2.99	46	Pistachio Honey	Pistachio Honey
2235	1968410_1d7db.png	Tiramisu with layers of espresso-soaked ladyfingers	1	BS	flour	wheat	2.99	38	S'mores	S'mores
2236	pngimg.com - donut_PNG28.png	Oreo with crumbled cookies and creamy filling	5	GF	eggs	nuts	2.99	94	Boston Cream	Boston Cream
2237	onlinelabels-clip-art-rainbow-sprinkles-donut-30.png	Apple fritter with chunks of juicy apple	2	GF	milk	wheat	1.99	1	Chocolate Chip	Chocolate Chip
2238	pngimg.com - donut_PNG2.png	Cookie dough with chunks of chocolate chip cookie	3	BS	butter	soy	0.99	34	Strawberry Shortcake	Strawberry Shortcake
2239	pngimg.com - donut_PNG55.png	Vanilla bean with a rich, creamy flavor	4	GF	flour	milk	1.99	17	Boston Cream	Boston Cream
2240	pngimg.com - donut_PNG28.png	Lemon zest with a zingy citrus flavor	2	GF	butter	soy	1.99	60	Maple Bacon	Maple Bacon
2241	Donut-PNG-Transparent.png	Lemon zest with a zingy citrus flavor	4	GF	butter	eggs	0.99	45	Cinnamon Sugar	Cinnamon Sugar
2242	pngimg.com - donut_PNG11.png	Blueberry cake with a tangy fruit filling	4	GF	flour	milk	2.59	72	Blueberry Cake	Blueberry Cake
2243	pngimg.com - donut_PNG28.png	Boston cream with creamy vanilla filling	2	GF	eggs	eggs	0.99	43	Vanilla Bean	Vanilla Bean
2244	1968410_1d7db.png	Salted caramel with a sweet and salty kick	4	BS	flour	soy	0.99	23	Raspberry Jelly	Raspberry Jelly
2245	1968410_1d7db.png	Raspberry jelly with a gooey, fruity center	3	GF	butter	milk	2.99	76	S'mores	S'mores
2246	pngimg.com - donut_PNG10.png	S'mores with gooey marshmallow and chocolate	1	GF	eggs	wheat	2.59	33	Maple Bacon	Maple Bacon
2247	Donut-PNG-Transparent.png	Red velvet with a moist, velvety texture	4	GF	sugar	eggs	0.99	2	Matcha Green Tea	Matcha Green Tea
2248	pngimg.com - donut_PNG62.png	Red velvet with a moist, velvety texture	2	BS	butter	milk	1.99	98	Pumpkin Spice	Pumpkin Spice
2249	pngimg.com - donut_PNG18.png	Pumpkin spice with warm autumn spices	3	GF	flour	eggs	1.59	55	Matcha Green Tea	Matcha Green Tea
2250	pngimg.com - donut_PNG58.png	Raspberry jelly with a gooey, fruity center	3	GF	flour	eggs	2.99	38	Pistachio Honey	Pistachio Honey
2251	pngimg.com - donut_PNG57.png	Salted caramel with a sweet and salty kick	3	GF	eggs	milk	2.99	55	Tiramisu	Tiramisu
2252	pngimg.com - donut_PNG10.png	Blueberry cake with a tangy fruit filling	2	GF	eggs	nuts	2.59	34	Maple Bacon	Maple Bacon
2253	onlinelabels-clip-art-rainbow-sprinkles-donut-30.png	Classic glazed with a soft, fluffy texture	1	GF	butter	nuts	1.59	39	Tiramisu	Tiramisu
2254	pngimg.com - donut_PNG60.png	Raspberry jelly with a gooey, fruity center	2	BS	flour	milk	1.59	91	Tiramisu	Tiramisu
2255	pngimg.com - donut_PNG2.png	Red velvet with a moist, velvety texture	5	GF	butter	nuts	1.99	92	Pumpkin Spice	Pumpkin Spice
2256	onlinelabels-clip-art-rainbow-sprinkles-donut-30.png	Cookie dough with chunks of chocolate chip cookie	3	BS	milk	wheat	1.59	75	Vanilla Bean	Vanilla Bean
2257	onlinelabels-clip-art-rainbow-sprinkles-donut-30.png	Matcha green tea with a subtle earthy taste	3	GF	eggs	eggs	2.59	54	Raspberry Jelly	Raspberry Jelly
2258	Pistachio-Raspberry2-300x300.png	Matcha green tea with a subtle earthy taste	2	GF	eggs	eggs	2.99	30	Raspberry Jelly	Raspberry Jelly
2219	pngimg.com - donut_PNG58.png	Chocolate lover's dream with a rich cocoa glaze	4	GF	milk	soy	2.59	0	Oreo	Oreo
2216	pngimg.com - donut_PNG31.png	Maple bacon with savory bits of crispy bacon	5	GF	flour	wheat	1.59	63	Oreo	Oreo
2215	pngimg.com - donut_PNG57.png	Raspberry jelly with a gooey, fruity center	2	BS	sugar	eggs	0.99	17	Strawberry Shortcake	Strawberry Shortcake
2259	1968410_1d7db.png	Oreo with crumbled cookies and creamy filling	5	GF	sugar	eggs	0.99	20	Glazed	Glazed
2261	pngimg.com - donut_PNG25.png	Tiramisu with layers of espresso-soaked ladyfingers	1	GF	milk	nuts	1.59	92	Matcha Green Tea	Matcha Green Tea
2262	pngimg.com - donut_PNG11.png	Tiramisu with layers of espresso-soaked ladyfingers	2	BS	flour	nuts	2.59	19	Raspberry Jelly	Raspberry Jelly
2263	pngimg.com - donut_PNG58.png	Classic glazed with a soft, fluffy texture	3	GF	eggs	eggs	2.59	22	Matcha Green Tea	Matcha Green Tea
2264	Pistachio-Raspberry2-300x300.png	Salted caramel with a sweet and salty kick	1	BS	milk	nuts	2.59	71	Vanilla Bean	Vanilla Bean
2265	pngimg.com - donut_PNG58.png	Vanilla bean with a rich, creamy flavor	2	GF	eggs	wheat	2.59	33	Lemon Zest	Lemon Zest
2266	onlinelabels-clip-art-rainbow-sprinkles-donut-30.png	Red velvet with a moist, velvety texture	1	GF	flour	nuts	2.59	61	S'mores	S'mores
2267	pngimg.com - donut_PNG58.png	Tiramisu with layers of espresso-soaked ladyfingers	1	GF	butter	wheat	1.99	54	Strawberry Shortcake	Strawberry Shortcake
2268	pngimg.com - donut_PNG19.png	Vanilla bean with a rich, creamy flavor	3	BS	sugar	wheat	0.99	80	Maple Bacon	Maple Bacon
2269	pngimg.com - donut_PNG28.png	Lemon zest with a zingy citrus flavor	5	GF	sugar	soy	2.99	3	Matcha Green Tea	Matcha Green Tea
2270	1968410_1d7db.png	Salted caramel with a sweet and salty kick	3	BS	butter	milk	1.59	36	Glazed	Glazed
2271	pngimg.com - donut_PNG31.png	Strawberry shortcake with layers of fluffy cake	1	GF	eggs	soy	2.59	55	Strawberry Shortcake	Strawberry Shortcake
2272	pngimg.com - donut_PNG25.png	Cinnamon sugar with a sweet and spicy crunch	3	BS	sugar	nuts	1.99	79	S'mores	S'mores
2273	pngimg.com - donut_PNG10.png	Oreo with crumbled cookies and creamy filling	3	BS	milk	wheat	2.99	30	Salted Caramel	Salted Caramel
2274	1968410_1d7db.png	Maple bacon with savory bits of crispy bacon	4	BS	milk	eggs	1.99	65	Strawberry Shortcake	Strawberry Shortcake
2275	pngimg.com - donut_PNG28.png	Pistachio honey with a nutty and sweet taste	1	GF	milk	wheat	2.59	1	Pistachio Honey	Pistachio Honey
2276	pngimg.com - donut_PNG55.png	S'mores with gooey marshmallow and chocolate	3	BS	sugar	wheat	1.99	20	Cinnamon Sugar	Cinnamon Sugar
2277	pngimg.com - donut_PNG11.png	Maple bacon with savory bits of crispy bacon	3	GF	eggs	nuts	2.99	23	Blueberry Cake	Blueberry Cake
2278	pngimg.com - donut_PNG58.png	Apple fritter with chunks of juicy apple	4	BS	butter	wheat	1.59	87	Boston Cream	Boston Cream
2279	pngimg.com - donut_PNG18.png	Vanilla bean with a rich, creamy flavor	1	BS	butter	nuts	0.99	35	Pistachio Honey	Pistachio Honey
2280	pngimg.com - donut_PNG58.png	Vanilla bean with a rich, creamy flavor	5	GF	butter	nuts	2.99	38	Boston Cream	Boston Cream
2281	pngimg.com - donut_PNG28.png	Lemon zest with a zingy citrus flavor	2	BS	eggs	nuts	1.99	48	Raspberry Jelly	Raspberry Jelly
2282	pngimg.com - donut_PNG55.png	Raspberry jelly with a gooey, fruity center	3	BS	milk	nuts	2.59	72	Pumpkin Spice	Pumpkin Spice
2283	pngimg.com - donut_PNG62.png	Chocolate lover's dream with a rich cocoa glaze	2	GF	milk	soy	2.99	52	Lemon Zest	Lemon Zest
2284	pngimg.com - donut_PNG19.png	Pistachio honey with a nutty and sweet taste	2	GF	milk	wheat	1.99	35	Pumpkin Spice	Pumpkin Spice
2285	pngimg.com - donut_PNG28.png	S'mores with gooey marshmallow and chocolate	1	BS	eggs	eggs	0.99	2	Pistachio Honey	Pistachio Honey
2286	pngimg.com - donut_PNG31.png	Raspberry jelly with a gooey, fruity center	1	BS	milk	wheat	0.99	75	Pumpkin Spice	Pumpkin Spice
2287	pngimg.com - donut_PNG10.png	Pistachio honey with a nutty and sweet taste	1	BS	eggs	nuts	1.59	77	Red Velvet	Red Velvet
2288	pngimg.com - donut_PNG2.png	Salted caramel with a sweet and salty kick	5	BS	flour	soy	0.99	29	Glazed	Glazed
2289	pngimg.com - donut_PNG55.png	Blueberry cake with a tangy fruit filling	3	BS	sugar	soy	2.59	73	Matcha Green Tea	Matcha Green Tea
2290	pngimg.com - donut_PNG11.png	Red velvet with a moist, velvety texture	4	BS	flour	soy	1.59	62	S'mores	S'mores
2291	pngimg.com - donut_PNG57.png	Chocolate lover's dream with a rich cocoa glaze	3	GF	flour	eggs	2.59	36	Vanilla Bean	Vanilla Bean
2292	pngimg.com - donut_PNG10.png	Matcha green tea with a subtle earthy taste	2	GF	eggs	soy	0.99	98	Glazed	Glazed
2293	Pistachio-Raspberry2-300x300.png	Pistachio honey with a nutty and sweet taste	1	BS	eggs	nuts	2.59	64	S'mores	S'mores
2294	pngimg.com - donut_PNG19.png	Matcha green tea with a subtle earthy taste	1	BS	butter	wheat	1.59	45	Salted Caramel	Salted Caramel
2295	pngimg.com - donut_PNG25.png	Raspberry jelly with a gooey, fruity center	4	BS	eggs	wheat	2.59	44	Oreo	Oreo
2296	pngimg.com - donut_PNG55.png	Raspberry jelly with a gooey, fruity center	4	GF	eggs	wheat	1.59	87	Maple Bacon	Maple Bacon
2297	pngimg.com - donut_PNG18.png	Lemon zest with a zingy citrus flavor	3	GF	eggs	wheat	1.99	41	Chocolate Sprinkles	Chocolate Sprinkles
2298	pngimg.com - donut_PNG31.png	Oreo with crumbled cookies and creamy filling	1	BS	flour	eggs	2.99	96	Strawberry Shortcake	Strawberry Shortcake
2299	Donut-PNG-Transparent.png	Cinnamon sugar with a sweet and spicy crunch	5	GF	eggs	nuts	0.99	67	S'mores	S'mores
2300	pngimg.com - donut_PNG10.png	Classic glazed with a soft, fluffy texture	1	BS	butter	eggs	2.99	82	Chocolate Sprinkles	Chocolate Sprinkles
2301	pngimg.com - donut_PNG31.png	Pistachio honey with a nutty and sweet taste	3	BS	butter	nuts	1.59	86	Chocolate Chip	Chocolate Chip
2302	pngimg.com - donut_PNG31.png	Cookie dough with chunks of chocolate chip cookie	5	BS	eggs	nuts	2.59	58	Oreo	Oreo
2303	pngimg.com - donut_PNG55.png	Cinnamon sugar with a sweet and spicy crunch	5	GF	eggs	soy	0.99	54	Chocolate Sprinkles	Chocolate Sprinkles
2304	onlinelabels-clip-art-rainbow-sprinkles-donut-30.png	Cinnamon sugar with a sweet and spicy crunch	1	GF	sugar	wheat	2.59	6	Salted Caramel	Salted Caramel
2305	pngimg.com - donut_PNG11.png	Apple fritter with chunks of juicy apple	1	BS	sugar	milk	2.59	3	Vanilla Bean	Vanilla Bean
2306	pngimg.com - donut_PNG57.png	Raspberry jelly with a gooey, fruity center	5	BS	flour	eggs	2.59	68	Pistachio Honey	Pistachio Honey
2307	onlinelabels-clip-art-rainbow-sprinkles-donut-30.png	Tiramisu with layers of espresso-soaked ladyfingers	5	BS	flour	soy	0.99	48	Glazed	Glazed
2308	pngimg.com - donut_PNG62.png	Chocolate lover's dream with a rich cocoa glaze	5	BS	flour	nuts	1.99	65	Salted Caramel	Salted Caramel
2309	pngimg.com - donut_PNG19.png	Red velvet with a moist, velvety texture	5	BS	flour	milk	1.59	46	Chocolate Sprinkles	Chocolate Sprinkles
2310	onlinelabels-clip-art-rainbow-sprinkles-donut-30.png	Matcha green tea with a subtle earthy taste	2	GF	sugar	nuts	1.59	13	Tiramisu	Tiramisu
2311	1968410_1d7db.png	Apple fritter with chunks of juicy apple	4	BS	butter	wheat	1.99	49	Glazed	Glazed
2312	1968410_1d7db.png	Pistachio honey with a nutty and sweet taste	2	BS	milk	milk	0.99	24	S'mores	S'mores
2313	pngimg.com - donut_PNG11.png	Matcha green tea with a subtle earthy taste	2	BS	sugar	milk	0.99	79	Boston Cream	Boston Cream
2314	pngimg.com - donut_PNG60.png	Red velvet with a moist, velvety texture	3	GF	flour	wheat	0.99	42	Strawberry Shortcake	Strawberry Shortcake
2315	pngimg.com - donut_PNG60.png	Lemon zest with a zingy citrus flavor	2	BS	sugar	eggs	0.99	41	Chocolate Chip	Chocolate Chip
2316	Pistachio-Raspberry2-300x300.png	Pumpkin spice with warm autumn spices	3	BS	butter	soy	2.99	87	Tiramisu	Tiramisu
2317	1968410_1d7db.png	Classic glazed with a soft, fluffy texture	3	BS	sugar	wheat	1.59	64	Boston Cream	Boston Cream
2318	1968410_1d7db.png	Boston cream with creamy vanilla filling	1	BS	milk	milk	1.99	66	Red Velvet	Red Velvet
2319	pngimg.com - donut_PNG10.png	Pumpkin spice with warm autumn spices	3	BS	eggs	milk	1.59	18	Red Velvet	Red Velvet
2320	pngimg.com - donut_PNG10.png	Apple fritter with chunks of juicy apple	1	BS	milk	soy	2.59	98	Salted Caramel	Salted Caramel
2321	pngimg.com - donut_PNG57.png	Blueberry cake with a tangy fruit filling	4	BS	butter	soy	1.99	99	Salted Caramel	Salted Caramel
2322	pngimg.com - donut_PNG60.png	Salted caramel with a sweet and salty kick	3	BS	butter	wheat	2.59	76	Maple Bacon	Maple Bacon
2323	onlinelabels-clip-art-rainbow-sprinkles-donut-30.png	Apple fritter with chunks of juicy apple	1	BS	butter	wheat	1.99	100	Red Velvet	Red Velvet
2324	Donut-PNG-Transparent.png	Red velvet with a moist, velvety texture	3	GF	sugar	eggs	2.59	29	Raspberry Jelly	Raspberry Jelly
2325	1968410_1d7db.png	Cookie dough with chunks of chocolate chip cookie	3	BS	eggs	nuts	0.99	55	Glazed	Glazed
2326	pngimg.com - donut_PNG28.png	Maple bacon with savory bits of crispy bacon	3	BS	milk	milk	1.99	44	Raspberry Jelly	Raspberry Jelly
2327	pngimg.com - donut_PNG11.png	Chocolate lover's dream with a rich cocoa glaze	3	BS	eggs	soy	2.59	35	Chocolate Sprinkles	Chocolate Sprinkles
2328	pngimg.com - donut_PNG25.png	Classic glazed with a soft, fluffy texture	5	GF	milk	eggs	1.99	45	Pistachio Honey	Pistachio Honey
2329	Donut-PNG-Transparent.png	Maple bacon with savory bits of crispy bacon	4	GF	butter	nuts	1.59	71	Matcha Green Tea	Matcha Green Tea
2330	pngimg.com - donut_PNG25.png	Classic glazed with a soft, fluffy texture	2	BS	sugar	wheat	2.99	83	S'mores	S'mores
2331	1968410_1d7db.png	Vanilla bean with a rich, creamy flavor	1	BS	flour	milk	1.99	69	Glazed	Glazed
2332	1968410_1d7db.png	Maple bacon with savory bits of crispy bacon	2	BS	milk	nuts	2.99	36	Maple Bacon	Maple Bacon
2333	pngimg.com - donut_PNG18.png	Tiramisu with layers of espresso-soaked ladyfingers	3	GF	flour	nuts	2.99	89	Cinnamon Sugar	Cinnamon Sugar
2334	pngimg.com - donut_PNG25.png	Boston cream with creamy vanilla filling	3	BS	eggs	nuts	1.59	63	Tiramisu	Tiramisu
2335	pngimg.com - donut_PNG28.png	Vanilla bean with a rich, creamy flavor	2	GF	flour	wheat	0.99	3	Tiramisu	Tiramisu
2336	pngimg.com - donut_PNG25.png	Raspberry jelly with a gooey, fruity center	1	BS	milk	nuts	0.99	0	Red Velvet	Red Velvet
2337	pngimg.com - donut_PNG18.png	Classic glazed with a soft, fluffy texture	1	GF	butter	eggs	2.99	30	Pumpkin Spice	Pumpkin Spice
2338	pngimg.com - donut_PNG62.png	Pumpkin spice with warm autumn spices	3	GF	butter	wheat	1.59	87	Maple Bacon	Maple Bacon
2339	pngimg.com - donut_PNG31.png	Pistachio honey with a nutty and sweet taste	2	BS	butter	wheat	1.59	31	Oreo	Oreo
2340	pngimg.com - donut_PNG58.png	S'mores with gooey marshmallow and chocolate	3	BS	sugar	nuts	1.59	100	Strawberry Shortcake	Strawberry Shortcake
2341	Donut-PNG-Transparent.png	Raspberry jelly with a gooey, fruity center	2	GF	flour	wheat	1.99	98	Cinnamon Sugar	Cinnamon Sugar
2342	pngimg.com - donut_PNG60.png	Boston cream with creamy vanilla filling	3	GF	sugar	nuts	2.99	77	Boston Cream	Boston Cream
2343	pngimg.com - donut_PNG25.png	Tiramisu with layers of espresso-soaked ladyfingers	4	BS	butter	eggs	2.99	97	Chocolate Sprinkles	Chocolate Sprinkles
2344	1968410_1d7db.png	Boston cream with creamy vanilla filling	2	BS	eggs	milk	0.99	17	Maple Bacon	Maple Bacon
2345	pngimg.com - donut_PNG11.png	Lemon zest with a zingy citrus flavor	2	BS	sugar	soy	2.59	48	Pumpkin Spice	Pumpkin Spice
2346	onlinelabels-clip-art-rainbow-sprinkles-donut-30.png	Maple bacon with savory bits of crispy bacon	5	GF	eggs	eggs	2.99	40	Pistachio Honey	Pistachio Honey
2347	pngimg.com - donut_PNG57.png	Chocolate lover's dream with a rich cocoa glaze	4	GF	eggs	eggs	1.99	51	Boston Cream	Boston Cream
2348	pngimg.com - donut_PNG31.png	Raspberry jelly with a gooey, fruity center	1	BS	sugar	soy	1.99	99	Salted Caramel	Salted Caramel
2349	pngimg.com - donut_PNG11.png	Pistachio honey with a nutty and sweet taste	4	GF	eggs	eggs	2.99	55	Oreo	Oreo
2350	pngimg.com - donut_PNG28.png	Raspberry jelly with a gooey, fruity center	3	GF	butter	eggs	1.59	80	Oreo	Oreo
2351	pngimg.com - donut_PNG28.png	Cinnamon sugar with a sweet and spicy crunch	1	GF	butter	milk	1.99	98	Blueberry Cake	Blueberry Cake
2352	pngimg.com - donut_PNG28.png	Chocolate lover's dream with a rich cocoa glaze	4	BS	sugar	eggs	1.99	17	Vanilla Bean	Vanilla Bean
2353	pngimg.com - donut_PNG55.png	Pistachio honey with a nutty and sweet taste	2	GF	butter	eggs	1.99	92	Boston Cream	Boston Cream
2354	pngimg.com - donut_PNG18.png	Classic glazed with a soft, fluffy texture	4	GF	milk	soy	0.99	30	Pistachio Honey	Pistachio Honey
2355	pngimg.com - donut_PNG18.png	Tiramisu with layers of espresso-soaked ladyfingers	3	GF	butter	eggs	1.99	100	Matcha Green Tea	Matcha Green Tea
2356	onlinelabels-clip-art-rainbow-sprinkles-donut-30.png	Maple bacon with savory bits of crispy bacon	3	GF	butter	wheat	2.99	15	Salted Caramel	Salted Caramel
2357	onlinelabels-clip-art-rainbow-sprinkles-donut-30.png	Lemon zest with a zingy citrus flavor	1	GF	sugar	milk	1.99	33	Blueberry Cake	Blueberry Cake
2358	onlinelabels-clip-art-rainbow-sprinkles-donut-30.png	Oreo with crumbled cookies and creamy filling	4	GF	milk	eggs	0.99	15	Apple Fritter	Apple Fritter
2359	pngimg.com - donut_PNG10.png	Apple fritter with chunks of juicy apple	4	BS	flour	soy	0.99	13	Lemon Zest	Lemon Zest
2360	pngimg.com - donut_PNG31.png	Pumpkin spice with warm autumn spices	4	GF	eggs	nuts	1.99	40	Salted Caramel	Salted Caramel
2361	Pistachio-Raspberry2-300x300.png	Red velvet with a moist, velvety texture	1	BS	flour	wheat	2.59	72	Apple Fritter	Apple Fritter
2362	pngimg.com - donut_PNG31.png	Cookie dough with chunks of chocolate chip cookie	4	GF	eggs	wheat	2.99	11	Pistachio Honey	Pistachio Honey
2363	pngimg.com - donut_PNG57.png	Lemon zest with a zingy citrus flavor	4	BS	flour	wheat	0.99	87	Raspberry Jelly	Raspberry Jelly
2364	onlinelabels-clip-art-rainbow-sprinkles-donut-30.png	Red velvet with a moist, velvety texture	1	GF	butter	nuts	0.99	16	Pumpkin Spice	Pumpkin Spice
2365	1968410_1d7db.png	S'mores with gooey marshmallow and chocolate	2	GF	eggs	eggs	1.59	88	Oreo	Oreo
2366	pngimg.com - donut_PNG28.png	Tiramisu with layers of espresso-soaked ladyfingers	1	GF	sugar	milk	1.99	54	Vanilla Bean	Vanilla Bean
2367	pngimg.com - donut_PNG11.png	Pumpkin spice with warm autumn spices	2	BS	flour	eggs	1.99	82	Raspberry Jelly	Raspberry Jelly
2368	pngimg.com - donut_PNG28.png	Lemon zest with a zingy citrus flavor	4	GF	eggs	milk	2.59	62	Raspberry Jelly	Raspberry Jelly
2369	pngimg.com - donut_PNG58.png	Raspberry jelly with a gooey, fruity center	2	GF	milk	soy	2.99	7	Maple Bacon	Maple Bacon
2370	pngimg.com - donut_PNG11.png	Oreo with crumbled cookies and creamy filling	1	GF	butter	eggs	1.99	54	S'mores	S'mores
2371	pngimg.com - donut_PNG57.png	Oreo with crumbled cookies and creamy filling	2	GF	flour	nuts	2.59	4	S'mores	S'mores
2372	pngimg.com - donut_PNG11.png	Pumpkin spice with warm autumn spices	1	BS	eggs	nuts	1.99	23	Matcha Green Tea	Matcha Green Tea
2373	pngimg.com - donut_PNG58.png	Boston cream with creamy vanilla filling	2	GF	eggs	soy	0.99	13	Chocolate Sprinkles	Chocolate Sprinkles
2374	pngimg.com - donut_PNG18.png	Chocolate lover's dream with a rich cocoa glaze	3	GF	flour	milk	1.59	73	Salted Caramel	Salted Caramel
2375	pngimg.com - donut_PNG57.png	Cinnamon sugar with a sweet and spicy crunch	3	BS	butter	milk	0.99	46	Vanilla Bean	Vanilla Bean
2376	pngimg.com - donut_PNG19.png	Boston cream with creamy vanilla filling	5	BS	butter	wheat	0.99	97	Vanilla Bean	Vanilla Bean
2377	pngimg.com - donut_PNG57.png	Cinnamon sugar with a sweet and spicy crunch	4	BS	milk	eggs	2.59	12	Boston Cream	Boston Cream
2378	pngimg.com - donut_PNG62.png	Tiramisu with layers of espresso-soaked ladyfingers	4	GF	eggs	wheat	2.99	84	Matcha Green Tea	Matcha Green Tea
2379	pngimg.com - donut_PNG58.png	Chocolate lover's dream with a rich cocoa glaze	1	BS	flour	wheat	1.59	56	Matcha Green Tea	Matcha Green Tea
2380	pngimg.com - donut_PNG2.png	Salted caramel with a sweet and salty kick	3	BS	milk	soy	2.99	98	Chocolate Chip	Chocolate Chip
2381	pngimg.com - donut_PNG19.png	Pistachio honey with a nutty and sweet taste	5	GF	milk	eggs	0.99	84	Maple Bacon	Maple Bacon
2382	pngimg.com - donut_PNG11.png	Vanilla bean with a rich, creamy flavor	2	BS	eggs	milk	2.99	57	Vanilla Bean	Vanilla Bean
2383	pngimg.com - donut_PNG28.png	Strawberry shortcake with layers of fluffy cake	3	GF	milk	soy	2.59	62	Salted Caramel	Salted Caramel
2384	pngimg.com - donut_PNG55.png	Maple bacon with savory bits of crispy bacon	1	GF	flour	nuts	2.99	78	Maple Bacon	Maple Bacon
2385	pngimg.com - donut_PNG55.png	Salted caramel with a sweet and salty kick	1	GF	milk	milk	2.99	3	Lemon Zest	Lemon Zest
2386	pngimg.com - donut_PNG57.png	Cookie dough with chunks of chocolate chip cookie	3	BS	butter	milk	1.59	36	Pumpkin Spice	Pumpkin Spice
2387	pngimg.com - donut_PNG60.png	Pistachio honey with a nutty and sweet taste	1	GF	eggs	wheat	0.99	93	Pistachio Honey	Pistachio Honey
2388	pngimg.com - donut_PNG28.png	S'mores with gooey marshmallow and chocolate	1	GF	flour	milk	0.99	45	Salted Caramel	Salted Caramel
2389	pngimg.com - donut_PNG18.png	Vanilla bean with a rich, creamy flavor	5	BS	butter	eggs	2.59	16	Pistachio Honey	Pistachio Honey
2390	pngimg.com - donut_PNG18.png	Blueberry cake with a tangy fruit filling	3	BS	flour	soy	2.99	13	Pistachio Honey	Pistachio Honey
2391	1968410_1d7db.png	S'mores with gooey marshmallow and chocolate	1	BS	butter	wheat	2.99	83	Pistachio Honey	Pistachio Honey
2392	pngimg.com - donut_PNG28.png	Oreo with crumbled cookies and creamy filling	3	BS	milk	soy	1.59	38	Lemon Zest	Lemon Zest
2393	pngimg.com - donut_PNG11.png	Blueberry cake with a tangy fruit filling	5	BS	eggs	milk	1.59	58	Chocolate Chip	Chocolate Chip
2394	Pistachio-Raspberry2-300x300.png	Strawberry shortcake with layers of fluffy cake	2	BS	sugar	eggs	2.59	32	Lemon Zest	Lemon Zest
2395	pngimg.com - donut_PNG58.png	Raspberry jelly with a gooey, fruity center	1	GF	butter	nuts	2.59	11	Vanilla Bean	Vanilla Bean
2396	onlinelabels-clip-art-rainbow-sprinkles-donut-30.png	Raspberry jelly with a gooey, fruity center	5	GF	flour	eggs	1.59	94	Tiramisu	Tiramisu
2397	pngimg.com - donut_PNG60.png	Salted caramel with a sweet and salty kick	1	GF	sugar	soy	2.99	40	Cinnamon Sugar	Cinnamon Sugar
2398	pngimg.com - donut_PNG28.png	Tiramisu with layers of espresso-soaked ladyfingers	3	GF	sugar	wheat	0.99	40	Raspberry Jelly	Raspberry Jelly
2399	pngimg.com - donut_PNG18.png	Raspberry jelly with a gooey, fruity center	5	BS	flour	soy	1.59	16	Lemon Zest	Lemon Zest
2400	Donut-PNG-Transparent.png	Vanilla bean with a rich, creamy flavor	2	BS	milk	soy	1.99	56	Raspberry Jelly	Raspberry Jelly
2401	pngimg.com - donut_PNG25.png	Pumpkin spice with warm autumn spices	3	GF	eggs	nuts	1.99	4	Oreo	Oreo
2402	pngimg.com - donut_PNG55.png	S'mores with gooey marshmallow and chocolate	4	BS	butter	nuts	0.99	59	Vanilla Bean	Vanilla Bean
2403	pngimg.com - donut_PNG18.png	Cinnamon sugar with a sweet and spicy crunch	2	BS	flour	milk	2.59	44	Oreo	Oreo
2404	Pistachio-Raspberry2-300x300.png	Lemon zest with a zingy citrus flavor	3	GF	sugar	milk	2.99	66	Pistachio Honey	Pistachio Honey
2405	pngimg.com - donut_PNG57.png	Chocolate lover's dream with a rich cocoa glaze	3	BS	eggs	milk	1.99	1	Chocolate Chip	Chocolate Chip
2406	pngimg.com - donut_PNG19.png	Cinnamon sugar with a sweet and spicy crunch	5	GF	milk	soy	1.59	20	Tiramisu	Tiramisu
2407	Donut-PNG-Transparent.png	Matcha green tea with a subtle earthy taste	4	GF	milk	wheat	2.59	93	Chocolate Sprinkles	Chocolate Sprinkles
2408	pngimg.com - donut_PNG18.png	Classic glazed with a soft, fluffy texture	4	GF	milk	nuts	2.59	7	Red Velvet	Red Velvet
2409	1968410_1d7db.png	Blueberry cake with a tangy fruit filling	4	GF	flour	nuts	1.59	70	Tiramisu	Tiramisu
2410	Donut-PNG-Transparent.png	Vanilla bean with a rich, creamy flavor	5	GF	eggs	milk	0.99	24	Lemon Zest	Lemon Zest
2411	pngimg.com - donut_PNG2.png	Lemon zest with a zingy citrus flavor	2	BS	eggs	eggs	1.59	70	S'mores	S'mores
2412	pngimg.com - donut_PNG57.png	Chocolate lover's dream with a rich cocoa glaze	1	BS	eggs	wheat	2.99	62	Pumpkin Spice	Pumpkin Spice
2413	pngimg.com - donut_PNG31.png	Tiramisu with layers of espresso-soaked ladyfingers	5	BS	milk	soy	2.99	62	Chocolate Sprinkles	Chocolate Sprinkles
2260	pngimg.com - donut_PNG31.png	Oreo with crumbled cookies and creamy filling	3	BS	flour	wheat	1.99	1	Oreo	Oreo
2218	pngimg.com - donut_PNG2.png	Boston cream with creamy vanilla filling	4	GF	flour	nuts	2.99	21	Vanilla Bean	Vanilla Bean
2214	pngimg.com - donut_PNG18.png	Blueberry cake with a tangy fruit filling	4	BS	butter	wheat	1.99	45	Lemon Zest	Lemon Zest
\.


--
-- Data for Name: donut_app_order; Type: TABLE DATA; Schema: public; Owner: mykolachernov
--

COPY public.donut_app_order (id, customer_name, customer_email, customer_address, created_at, total_price, updated_at, paid, session_id) FROM stdin;
52	Myko	4ernovnikola@gmail.com	Camille	2023-05-12 11:09:56.738442+02	13.54	2023-05-12 11:15:34.647048+02	t	cs_test_b1e8KtvSNjRttsqEGqAnp2sHdvRAOOUgAsgyaYM4FEf4RUCFlTcQtK3PDm
53	Myko	4ernovnikola@gmail.com	Camille	2023-05-12 11:15:59.069333+02	1.99	2023-05-12 11:16:59.245742+02	t	cs_test_a1nWnfcGNRgWo9JuHz5MJ9ofZJ7QLKaKphVraRaVKlraStcU6PuuDvyDPv
54	Myko	4ernovnikola@gmail.com	Camille	2023-05-12 11:19:09.253439+02	1.99	2023-05-12 11:19:26.320974+02	t	cs_test_a1x8NirFxkJNsWpTMYorcKKQd8XYVGrbTbCicsR1sIIB9Fxhk01EOwZhdh
55	Myko	4ernovnikola@gmail.com	Camille	2023-05-12 11:21:56.032547+02	0.99	2023-05-12 11:22:20.423045+02	t	cs_test_a1Z3BltER4tHz5aObGt549fxJYzWPGhnqfS8MfQyraWBa2AVdNiT77ep0m
56	Myko	4ernovnikola@gmail.com	Camille	2023-05-12 11:30:28.047483+02	1.59	2023-05-12 11:30:46.871285+02	t	cs_test_a1c3z41onYlDGhkYylb8jHP7flQZ6W8sM0XQbLAaLw8WQEtOH2OzDn0ENV
49	Myko	4er@gmail.com	Camille	2023-05-12 09:43:02.694695+02	0.99	2023-05-12 09:43:19.302633+02	t	cs_test_a1ae65USnDrazJJWRevFSJAeMJqYUyZd6noqlDHjGgnjoGCuMebmMqKhff
57	Myko	4ernovnikola@gmail.com	Camille	2023-05-12 11:49:35.714542+02	1.99	2023-05-12 11:49:59.019501+02	t	cs_test_a1Lr2cvqCBRsPhFU2ILR4UOXoZ53l4lox2BOMzRJeuu42cxpdWQHqHICgm
50	Myko	4er@gmail.com	Camille	2023-05-12 09:50:19.439275+02	2.58	2023-05-12 09:50:44.313549+02	t	cs_test_b1ZLscelHPoGNCQaUdevjqYTMPF6WB59z4tvCH4ThElJyIKlQfSqsGWdtf
51	Myko	4ernovnikola@gmail.com	Camille	2023-05-12 10:45:31.974737+02	1.99	2023-05-12 10:45:32.890396+02	f	cs_test_a1Z4wccSwoLlNhKTYawxZCbGFItgxgCk5RCmHyCjqjwR9GejNIrVZm7SRC
58	Myko	4ernovnikola@gmail.com	Camille	2023-05-12 11:52:58.108254+02	4.57	2023-05-12 11:53:22.046879+02	t	cs_test_b1lU7sAWRivYlr8yuidKXXYe7iHRJRJD53PZsvJit9kTKPzF1kBJ74F3zD
59	Myko	4ernovnikola@gmail.com	Camille	2023-05-12 11:54:15.688523+02	4.57	2023-05-12 11:54:33.808023+02	t	cs_test_b1SLh3DNqgqYkxQUELnudPEkHsL0dXYKNNQwvS4JElArYXCvn6irrPEnBq
\.


--
-- Data for Name: donut_app_orderitem; Type: TABLE DATA; Schema: public; Owner: mykolachernov
--

COPY public.donut_app_orderitem (id, quantity, donut_id, order_id) FROM stdin;
58	1	2215	49
59	1	2216	50
60	1	2215	50
61	1	2214	51
62	1	2219	52
63	1	2218	52
64	4	2214	52
65	1	2214	53
66	1	2214	54
67	1	2215	55
68	1	2216	56
69	1	2214	57
70	1	2215	58
71	1	2216	58
72	1	2214	58
73	1	2216	59
74	1	2215	59
75	1	2214	59
\.


--
-- Name: auth_group_id_seq; Type: SEQUENCE SET; Schema: public; Owner: mykolachernov
--

SELECT pg_catalog.setval('public.auth_group_id_seq', 1, false);


--
-- Name: auth_group_permissions_id_seq; Type: SEQUENCE SET; Schema: public; Owner: mykolachernov
--

SELECT pg_catalog.setval('public.auth_group_permissions_id_seq', 1, false);


--
-- Name: auth_permission_id_seq; Type: SEQUENCE SET; Schema: public; Owner: mykolachernov
--

SELECT pg_catalog.setval('public.auth_permission_id_seq', 36, true);


--
-- Name: auth_user_groups_id_seq; Type: SEQUENCE SET; Schema: public; Owner: mykolachernov
--

SELECT pg_catalog.setval('public.auth_user_groups_id_seq', 1, false);


--
-- Name: auth_user_id_seq; Type: SEQUENCE SET; Schema: public; Owner: mykolachernov
--

SELECT pg_catalog.setval('public.auth_user_id_seq', 1, true);


--
-- Name: auth_user_user_permissions_id_seq; Type: SEQUENCE SET; Schema: public; Owner: mykolachernov
--

SELECT pg_catalog.setval('public.auth_user_user_permissions_id_seq', 1, false);


--
-- Name: django_admin_log_id_seq; Type: SEQUENCE SET; Schema: public; Owner: mykolachernov
--

SELECT pg_catalog.setval('public.django_admin_log_id_seq', 2262, true);


--
-- Name: django_content_type_id_seq; Type: SEQUENCE SET; Schema: public; Owner: mykolachernov
--

SELECT pg_catalog.setval('public.django_content_type_id_seq', 9, true);


--
-- Name: django_migrations_id_seq; Type: SEQUENCE SET; Schema: public; Owner: mykolachernov
--

SELECT pg_catalog.setval('public.django_migrations_id_seq', 30, true);


--
-- Name: donut_app_donut_id_seq; Type: SEQUENCE SET; Schema: public; Owner: mykolachernov
--

SELECT pg_catalog.setval('public.donut_app_donut_id_seq', 2413, true);


--
-- Name: donut_app_order_id_seq; Type: SEQUENCE SET; Schema: public; Owner: mykolachernov
--

SELECT pg_catalog.setval('public.donut_app_order_id_seq', 59, true);


--
-- Name: donut_app_orderitem_id_seq; Type: SEQUENCE SET; Schema: public; Owner: mykolachernov
--

SELECT pg_catalog.setval('public.donut_app_orderitem_id_seq', 75, true);


--
-- Name: auth_group auth_group_name_key; Type: CONSTRAINT; Schema: public; Owner: mykolachernov
--

ALTER TABLE ONLY public.auth_group
    ADD CONSTRAINT auth_group_name_key UNIQUE (name);


--
-- Name: auth_group_permissions auth_group_permissions_group_id_permission_id_0cd325b0_uniq; Type: CONSTRAINT; Schema: public; Owner: mykolachernov
--

ALTER TABLE ONLY public.auth_group_permissions
    ADD CONSTRAINT auth_group_permissions_group_id_permission_id_0cd325b0_uniq UNIQUE (group_id, permission_id);


--
-- Name: auth_group_permissions auth_group_permissions_pkey; Type: CONSTRAINT; Schema: public; Owner: mykolachernov
--

ALTER TABLE ONLY public.auth_group_permissions
    ADD CONSTRAINT auth_group_permissions_pkey PRIMARY KEY (id);


--
-- Name: auth_group auth_group_pkey; Type: CONSTRAINT; Schema: public; Owner: mykolachernov
--

ALTER TABLE ONLY public.auth_group
    ADD CONSTRAINT auth_group_pkey PRIMARY KEY (id);


--
-- Name: auth_permission auth_permission_content_type_id_codename_01ab375a_uniq; Type: CONSTRAINT; Schema: public; Owner: mykolachernov
--

ALTER TABLE ONLY public.auth_permission
    ADD CONSTRAINT auth_permission_content_type_id_codename_01ab375a_uniq UNIQUE (content_type_id, codename);


--
-- Name: auth_permission auth_permission_pkey; Type: CONSTRAINT; Schema: public; Owner: mykolachernov
--

ALTER TABLE ONLY public.auth_permission
    ADD CONSTRAINT auth_permission_pkey PRIMARY KEY (id);


--
-- Name: auth_user_groups auth_user_groups_pkey; Type: CONSTRAINT; Schema: public; Owner: mykolachernov
--

ALTER TABLE ONLY public.auth_user_groups
    ADD CONSTRAINT auth_user_groups_pkey PRIMARY KEY (id);


--
-- Name: auth_user_groups auth_user_groups_user_id_group_id_94350c0c_uniq; Type: CONSTRAINT; Schema: public; Owner: mykolachernov
--

ALTER TABLE ONLY public.auth_user_groups
    ADD CONSTRAINT auth_user_groups_user_id_group_id_94350c0c_uniq UNIQUE (user_id, group_id);


--
-- Name: auth_user auth_user_pkey; Type: CONSTRAINT; Schema: public; Owner: mykolachernov
--

ALTER TABLE ONLY public.auth_user
    ADD CONSTRAINT auth_user_pkey PRIMARY KEY (id);


--
-- Name: auth_user_user_permissions auth_user_user_permissions_pkey; Type: CONSTRAINT; Schema: public; Owner: mykolachernov
--

ALTER TABLE ONLY public.auth_user_user_permissions
    ADD CONSTRAINT auth_user_user_permissions_pkey PRIMARY KEY (id);


--
-- Name: auth_user_user_permissions auth_user_user_permissions_user_id_permission_id_14a6b632_uniq; Type: CONSTRAINT; Schema: public; Owner: mykolachernov
--

ALTER TABLE ONLY public.auth_user_user_permissions
    ADD CONSTRAINT auth_user_user_permissions_user_id_permission_id_14a6b632_uniq UNIQUE (user_id, permission_id);


--
-- Name: auth_user auth_user_username_key; Type: CONSTRAINT; Schema: public; Owner: mykolachernov
--

ALTER TABLE ONLY public.auth_user
    ADD CONSTRAINT auth_user_username_key UNIQUE (username);


--
-- Name: django_admin_log django_admin_log_pkey; Type: CONSTRAINT; Schema: public; Owner: mykolachernov
--

ALTER TABLE ONLY public.django_admin_log
    ADD CONSTRAINT django_admin_log_pkey PRIMARY KEY (id);


--
-- Name: django_content_type django_content_type_app_label_model_76bd3d3b_uniq; Type: CONSTRAINT; Schema: public; Owner: mykolachernov
--

ALTER TABLE ONLY public.django_content_type
    ADD CONSTRAINT django_content_type_app_label_model_76bd3d3b_uniq UNIQUE (app_label, model);


--
-- Name: django_content_type django_content_type_pkey; Type: CONSTRAINT; Schema: public; Owner: mykolachernov
--

ALTER TABLE ONLY public.django_content_type
    ADD CONSTRAINT django_content_type_pkey PRIMARY KEY (id);


--
-- Name: django_migrations django_migrations_pkey; Type: CONSTRAINT; Schema: public; Owner: mykolachernov
--

ALTER TABLE ONLY public.django_migrations
    ADD CONSTRAINT django_migrations_pkey PRIMARY KEY (id);


--
-- Name: django_session django_session_pkey; Type: CONSTRAINT; Schema: public; Owner: mykolachernov
--

ALTER TABLE ONLY public.django_session
    ADD CONSTRAINT django_session_pkey PRIMARY KEY (session_key);


--
-- Name: donut_app_donut donut_app_donut_pkey; Type: CONSTRAINT; Schema: public; Owner: mykolachernov
--

ALTER TABLE ONLY public.donut_app_donut
    ADD CONSTRAINT donut_app_donut_pkey PRIMARY KEY (id);


--
-- Name: donut_app_order donut_app_order_pkey; Type: CONSTRAINT; Schema: public; Owner: mykolachernov
--

ALTER TABLE ONLY public.donut_app_order
    ADD CONSTRAINT donut_app_order_pkey PRIMARY KEY (id);


--
-- Name: donut_app_orderitem donut_app_orderitem_pkey; Type: CONSTRAINT; Schema: public; Owner: mykolachernov
--

ALTER TABLE ONLY public.donut_app_orderitem
    ADD CONSTRAINT donut_app_orderitem_pkey PRIMARY KEY (id);


--
-- Name: auth_group_name_a6ea08ec_like; Type: INDEX; Schema: public; Owner: mykolachernov
--

CREATE INDEX auth_group_name_a6ea08ec_like ON public.auth_group USING btree (name varchar_pattern_ops);


--
-- Name: auth_group_permissions_group_id_b120cbf9; Type: INDEX; Schema: public; Owner: mykolachernov
--

CREATE INDEX auth_group_permissions_group_id_b120cbf9 ON public.auth_group_permissions USING btree (group_id);


--
-- Name: auth_group_permissions_permission_id_84c5c92e; Type: INDEX; Schema: public; Owner: mykolachernov
--

CREATE INDEX auth_group_permissions_permission_id_84c5c92e ON public.auth_group_permissions USING btree (permission_id);


--
-- Name: auth_permission_content_type_id_2f476e4b; Type: INDEX; Schema: public; Owner: mykolachernov
--

CREATE INDEX auth_permission_content_type_id_2f476e4b ON public.auth_permission USING btree (content_type_id);


--
-- Name: auth_user_groups_group_id_97559544; Type: INDEX; Schema: public; Owner: mykolachernov
--

CREATE INDEX auth_user_groups_group_id_97559544 ON public.auth_user_groups USING btree (group_id);


--
-- Name: auth_user_groups_user_id_6a12ed8b; Type: INDEX; Schema: public; Owner: mykolachernov
--

CREATE INDEX auth_user_groups_user_id_6a12ed8b ON public.auth_user_groups USING btree (user_id);


--
-- Name: auth_user_user_permissions_permission_id_1fbb5f2c; Type: INDEX; Schema: public; Owner: mykolachernov
--

CREATE INDEX auth_user_user_permissions_permission_id_1fbb5f2c ON public.auth_user_user_permissions USING btree (permission_id);


--
-- Name: auth_user_user_permissions_user_id_a95ead1b; Type: INDEX; Schema: public; Owner: mykolachernov
--

CREATE INDEX auth_user_user_permissions_user_id_a95ead1b ON public.auth_user_user_permissions USING btree (user_id);


--
-- Name: auth_user_username_6821ab7c_like; Type: INDEX; Schema: public; Owner: mykolachernov
--

CREATE INDEX auth_user_username_6821ab7c_like ON public.auth_user USING btree (username varchar_pattern_ops);


--
-- Name: django_admin_log_content_type_id_c4bce8eb; Type: INDEX; Schema: public; Owner: mykolachernov
--

CREATE INDEX django_admin_log_content_type_id_c4bce8eb ON public.django_admin_log USING btree (content_type_id);


--
-- Name: django_admin_log_user_id_c564eba6; Type: INDEX; Schema: public; Owner: mykolachernov
--

CREATE INDEX django_admin_log_user_id_c564eba6 ON public.django_admin_log USING btree (user_id);


--
-- Name: django_session_expire_date_a5c62663; Type: INDEX; Schema: public; Owner: mykolachernov
--

CREATE INDEX django_session_expire_date_a5c62663 ON public.django_session USING btree (expire_date);


--
-- Name: django_session_session_key_c0390e0f_like; Type: INDEX; Schema: public; Owner: mykolachernov
--

CREATE INDEX django_session_session_key_c0390e0f_like ON public.django_session USING btree (session_key varchar_pattern_ops);


--
-- Name: donut_app_orderitem_donut_id_080a3b0b; Type: INDEX; Schema: public; Owner: mykolachernov
--

CREATE INDEX donut_app_orderitem_donut_id_080a3b0b ON public.donut_app_orderitem USING btree (donut_id);


--
-- Name: donut_app_orderitem_order_id_2c697576; Type: INDEX; Schema: public; Owner: mykolachernov
--

CREATE INDEX donut_app_orderitem_order_id_2c697576 ON public.donut_app_orderitem USING btree (order_id);


--
-- Name: auth_group_permissions auth_group_permissio_permission_id_84c5c92e_fk_auth_perm; Type: FK CONSTRAINT; Schema: public; Owner: mykolachernov
--

ALTER TABLE ONLY public.auth_group_permissions
    ADD CONSTRAINT auth_group_permissio_permission_id_84c5c92e_fk_auth_perm FOREIGN KEY (permission_id) REFERENCES public.auth_permission(id) DEFERRABLE INITIALLY DEFERRED;


--
-- Name: auth_group_permissions auth_group_permissions_group_id_b120cbf9_fk_auth_group_id; Type: FK CONSTRAINT; Schema: public; Owner: mykolachernov
--

ALTER TABLE ONLY public.auth_group_permissions
    ADD CONSTRAINT auth_group_permissions_group_id_b120cbf9_fk_auth_group_id FOREIGN KEY (group_id) REFERENCES public.auth_group(id) DEFERRABLE INITIALLY DEFERRED;


--
-- Name: auth_permission auth_permission_content_type_id_2f476e4b_fk_django_co; Type: FK CONSTRAINT; Schema: public; Owner: mykolachernov
--

ALTER TABLE ONLY public.auth_permission
    ADD CONSTRAINT auth_permission_content_type_id_2f476e4b_fk_django_co FOREIGN KEY (content_type_id) REFERENCES public.django_content_type(id) DEFERRABLE INITIALLY DEFERRED;


--
-- Name: auth_user_groups auth_user_groups_group_id_97559544_fk_auth_group_id; Type: FK CONSTRAINT; Schema: public; Owner: mykolachernov
--

ALTER TABLE ONLY public.auth_user_groups
    ADD CONSTRAINT auth_user_groups_group_id_97559544_fk_auth_group_id FOREIGN KEY (group_id) REFERENCES public.auth_group(id) DEFERRABLE INITIALLY DEFERRED;


--
-- Name: auth_user_groups auth_user_groups_user_id_6a12ed8b_fk_auth_user_id; Type: FK CONSTRAINT; Schema: public; Owner: mykolachernov
--

ALTER TABLE ONLY public.auth_user_groups
    ADD CONSTRAINT auth_user_groups_user_id_6a12ed8b_fk_auth_user_id FOREIGN KEY (user_id) REFERENCES public.auth_user(id) DEFERRABLE INITIALLY DEFERRED;


--
-- Name: auth_user_user_permissions auth_user_user_permi_permission_id_1fbb5f2c_fk_auth_perm; Type: FK CONSTRAINT; Schema: public; Owner: mykolachernov
--

ALTER TABLE ONLY public.auth_user_user_permissions
    ADD CONSTRAINT auth_user_user_permi_permission_id_1fbb5f2c_fk_auth_perm FOREIGN KEY (permission_id) REFERENCES public.auth_permission(id) DEFERRABLE INITIALLY DEFERRED;


--
-- Name: auth_user_user_permissions auth_user_user_permissions_user_id_a95ead1b_fk_auth_user_id; Type: FK CONSTRAINT; Schema: public; Owner: mykolachernov
--

ALTER TABLE ONLY public.auth_user_user_permissions
    ADD CONSTRAINT auth_user_user_permissions_user_id_a95ead1b_fk_auth_user_id FOREIGN KEY (user_id) REFERENCES public.auth_user(id) DEFERRABLE INITIALLY DEFERRED;


--
-- Name: django_admin_log django_admin_log_content_type_id_c4bce8eb_fk_django_co; Type: FK CONSTRAINT; Schema: public; Owner: mykolachernov
--

ALTER TABLE ONLY public.django_admin_log
    ADD CONSTRAINT django_admin_log_content_type_id_c4bce8eb_fk_django_co FOREIGN KEY (content_type_id) REFERENCES public.django_content_type(id) DEFERRABLE INITIALLY DEFERRED;


--
-- Name: django_admin_log django_admin_log_user_id_c564eba6_fk_auth_user_id; Type: FK CONSTRAINT; Schema: public; Owner: mykolachernov
--

ALTER TABLE ONLY public.django_admin_log
    ADD CONSTRAINT django_admin_log_user_id_c564eba6_fk_auth_user_id FOREIGN KEY (user_id) REFERENCES public.auth_user(id) DEFERRABLE INITIALLY DEFERRED;


--
-- Name: donut_app_orderitem donut_app_orderitem_donut_id_080a3b0b_fk_donut_app_donut_id; Type: FK CONSTRAINT; Schema: public; Owner: mykolachernov
--

ALTER TABLE ONLY public.donut_app_orderitem
    ADD CONSTRAINT donut_app_orderitem_donut_id_080a3b0b_fk_donut_app_donut_id FOREIGN KEY (donut_id) REFERENCES public.donut_app_donut(id) DEFERRABLE INITIALLY DEFERRED;


--
-- Name: donut_app_orderitem donut_app_orderitem_order_id_2c697576_fk_donut_app_order_id; Type: FK CONSTRAINT; Schema: public; Owner: mykolachernov
--

ALTER TABLE ONLY public.donut_app_orderitem
    ADD CONSTRAINT donut_app_orderitem_order_id_2c697576_fk_donut_app_order_id FOREIGN KEY (order_id) REFERENCES public.donut_app_order(id) DEFERRABLE INITIALLY DEFERRED;


--
-- PostgreSQL database dump complete
--

